Név;KeletiHossz;ÉszakiSzél
Aba;18:31.49;47:02.06
Abádszalók;20:35.94;47:28.48
Abaliget;18:07.09;46:08.63
Abasár;20:00.50;47:48.04
Abaújalpár;21:14.14;48:18.37
Abaújkér;21:12.08;48:18.47
Abaújlak;20:57.45;48:24.35
Abaújszántó;21:11.18;48:16.74
Abaújszolnok;20:58.63;48:22.35
Abaújvár;21:18.99;48:31.59
Abda;17:32.65;47:41.79
Abod;20:47.65;48:23.60
Abony;20:00.72;47:11.56
Ábrahámhegy;17:34.36;46:48.96
Ács;18:00.94;47:42.77
Acsa;19:23.30;47:47.71
Acsád;16:44.02;47:19.64
Acsalag;17:11.99;47:40.52
Ácsteszér;18:00.22;47:24.40
Adács;19:58.99;47:41.53
Ádánd;18:09.52;46:51.37
Adásztevel;17:32.47;47:18.26
Adony;18:51.87;47:07.38
Adorjánháza;17:14.47;47:14.45
Adorjás;18:03.89;45:51.05
Ág;18:12.28;46:17.75
Ágasegyháza;19:27.22;46:50.43
Ágfalva;16:31.03;47:41.47
Aggtelek;20:30.42;48:28.10
Agyagosszergény;16:56.57;47:36.59
Ajak;22:03.26;48:10.75
Ajka;17:33.70;47:05.94
Aka;18:04.29;47:24.28
Akasztó;19:12.39;46:41.50
Alacska;20:39.23;48:13.04
Alap;18:41.35;46:48.47
Alattyán;20:02.65;47:25.61
Albertirsa;19:37.07;47:14.50
Alcsútdoboz;18:36.25;47:25.69
Aldebrö;20:13.93;47:47.41
Algyö;20:12.42;46:20.11
Alibánfa;16:55.39;46:53.05
Almamellék;17:52.52;46:09.45
Almásfüzitö;18:15.36;47:43.68
Almásháza;17:02.99;46:50.61
Almáskamarás;21:05.41;46:27.72
Almáskeresztúr;17:53.95;46:07.24
Álmosd;21:58.81;47:24.90
Alsóberecki;21:41.47;48:20.61
Alsóbogát;17:45.03;46:30.68
Alsódobsza;21:00.22;48:10.83
Alsógagy;21:01.46;48:24.40
Alsómocsolád;18:15.00;46:18.84
Alsónána;18:39.59;46:15.05
Alsónémedi;19:09.72;47:18.89
Alsónemesapáti;16:56.37;46:51.27
Alsónyék;18:44.15;46:12.18
Alsóörs;17:58.53;46:59.41
Alsópáhok;17:10.35;46:46.16
Alsópetény;19:14.79;47:52.47
Alsórajk;16:59.94;46:39.32
Alsóregmec;21:37.10;48:27.96
Alsószenterzsébet;16:28.64;46:44.67
Alsószentiván;18:44.00;46:47.74
Alsószentmárton;18:18.41;45:47.47
Alsószölnök;16:12.13;46:55.69
Alsószuha;20:30.32;48:22.42
Alsótelekes;20:39.39;48:24.53
Alsótold;19:35.97;47:57.12
Alsóújlak;16:51.25;47:04.85
Alsóvadász;20:54.41;48:14.38
Alsózsolca;20:52.91;48:04.50
Ambrózfalva;20:43.97;46:21.02
Anarcs;22:06.51;48:10.64
Andocs;17:55.57;46:38.97
Andornaktálya;20:24.70;47:51.05
Andrásfa;16:47.76;46:57.83
Annavölgy;18:40.15;47:41.85
Apácatorna;17:17.76;47:06.74
Apagy;21:56.15;47:57.48
Apaj;19:05.42;47:06.70
Aparhant;18:27.14;46:19.92
Apátfalva;20:34.75;46:10.48
Apátistvánfalva;16:15.33;46:53.82
Apátvarasd;18:28.95;46:11.19
Apc;19:41.70;47:47.53
Áporka;19:00.76;47:13.59
Apostag;18:57.87;46:53.01
Aranyosapáti;22:10.95;48:16.29
Aranyosgadány;18:07.31;46:00.42
Arka;21:15.26;48:21.42
Arló;20:15.45;48:10.63
Arnót;20:51.58;48:07.75
Ároktö;20:56.67;47:43.75
Árpádhalom;20:32.98;46:36.99
Árpás;17:23.86;47:30.74
Ártánd;21:45.66;47:07.45
Ásotthalom;19:47.07;46:11.94
Ásványráró;17:29.98;47:49.77
Aszaló;20:57.65;48:13.33
Aszód;19:29.26;47:39.07
Aszófö;17:49.97;46:55.80
Áta;18:17.98;45:56.19
Átány;20:21.80;47:36.97
Atkár;19:53.49;47:43.12
Attala;18:04.05;46:22.66
Babarc;18:33.46;46:00.11
Babarcszölös;18:08.29;45:53.97
Babócsa;17:20.68;46:02.20
Bábolna;17:58.81;47:38.65
Bábonymegyer;18:06.96;46:44.93
Babosdöbréte;16:46.75;46:48.83
Babót;17:04.78;47:34.52
Bácsalmás;19:19.71;46:07.75
Bácsbokod;19:09.42;46:07.57
Bácsborsód;19:09.49;46:05.85
Bácsszentgyörgy;19:02.49;45:58.56
Bácsszölös;19:25.43;46:08.12
Badacsonytomaj;17:30.80;46:48.52
Badacsonytördemic;17:28.44;46:48.64
Bag;19:29.02;47:38.04
Bagamér;21:59.62;47:27.00
Baglad;16:29.18;46:40.85
Bagod;16:45.11;46:52.71
Bágyogszovát;17:22.04;47:35.11
Baj;18:21.95;47:38.95
Baja;18:57.67;46:11.20
Bajánsenye;16:23.15;46:48.10
Bajna;18:35.62;47:38.95
Bajót;18:33.21;47:43.39
Bak;16:50.76;46:43.87
Bakháza;17:21.60;46:06.37
Bakóca;17:59.68;46:12.42
Bakonszeg;21:26.66;47:11.35
Bakonya;18:05.02;46:05.14
Bakonybánk;17:54.23;47:27.87
Bakonybél;17:43.76;47:15.17
Bakonycsernye;18:05.67;47:19.39
Bakonygyirót;17:48.22;47:25.06
Bakonyjákó;17:36.20;47:13.62
Bakonykoppány;17:41.23;47:19.83
Bakonykúti;18:11.84;47:14.78
Bakonynána;17:58.41;47:16.68
Bakonyoszlop;17:55.46;47:20.70
Bakonypéterd;17:47.83;47:27.91
Bakonypölöske;17:29.42;47:12.55
Bakonyság;17:39.05;47:24.00
Bakonysárkány;18:06.21;47:26.87
Bakonyszentiván;17:40.17;47:23.39
Bakonyszentkirály;17:52.89;47:21.80
Bakonyszentlászló;17:48.05;47:23.33
Bakonyszombathely;17:57.71;47:28.29
Bakonyszücs;17:40.96;47:20.61
Bakonytamási;17:43.92;47:24.65
Baks;20:06.54;46:33.10
Baksa;18:05.54;45:57.39
Baktakék;21:01.95;48:22.49
Baktalórántháza;22:05.05;47:59.97
Baktüttös;16:49.04;46:41.96
Balajt;20:47.11;48:19.24
Balassagyarmat;19:17.77;48:04.48
Balástya;20:00.61;46:25.37
Balaton;20:18.32;48:05.66
Balatonakali;17:45.49;46:52.98
Balatonalmádi;18:00.72;47:01.87
Balatonberény;17:19.39;46:42.64
Balatonboglár;17:39.63;46:46.43
Balatoncsicsó;17:40.18;46:55.66
Balatonederics;17:22.89;46:48.36
Balatonendréd;17:58.47;46:50.34
Balatonfenyves;17:28.70;46:42.69
Balatonfökajár;18:12.80;47:01.24
Balatonföldvár;17:52.86;46:51.13
Balatonfüred;17:53.24;46:57.48
Balatonfözfö;18:02.31;47:04.05
Balatongyörök;17:21.42;46:45.69
Balatonhenye;17:36.99;46:54.76
Balatonkenese;18:06.57;47:02.19
Balatonkeresztúr;17:22.60;46:42.03
Balatonlelle;17:42.10;46:46.92
Balatonmagyaród;17:10.66;46:35.71
Balatonmáriafürdö;17:24.24;46:42.19
Balatonöszöd;17:48.06;46:48.47
Balatonrendes;17:34.96;46:49.65
Balatonszabadi;18:07.99;46:53.49
Balatonszárszó;17:50.11;46:49.76
Balatonszemes;17:46.57;46:48.50
Balatonszentgyörgy;17:18.12;46:41.46
Balatonszepezd;17:39.78;46:51.26
Balatonszölös;17:49.63;46:57.96
Balatonudvari;17:48.15;46:54.08
Balatonújlak;17:23.17;46:40.45
Balatonvilágos;18:09.98;46:58.48
Balinka;18:11.54;47:18.79
Balkány;21:51.49;47:46.20
Ballószög;19:24.50;47:02.05
Balmazújváros;21:20.58;47:36.86
Balogunyom;16:39.02;47:09.54
Balotaszállás;19:32.51;46:21.10
Balsa;21:31.90;48:10.44
Bálványos;17:57.19;46:46.86
Bana;17:55.19;47:38.96
Bánd;17:47.16;47:07.30
Bánfa;17:52.90;45:59.63
Bánhorváti;20:30.19;48:13.73
Bánk;19:10.55;47:55.42
Bánokszentgyörgy;16:47.06;46:32.94
Bánréve;20:21.35;48:17.93
Bár;18:42.99;46:03.15
Barabás;22:25.72;48:13.87
Baracs;18:52.08;46:54.84
Baracska;18:45.43;47:16.86
Báránd;21:16.84;47:15.33
Baranyahidvég;18:01.50;45:50.82
Baranyajenö;18:02.56;46:16.31
Baranyaszentgyörgy;18:00.52;46:14.76
Barbacs;17:17.75;47:38.75
Barcs;17:27.50;45:57.60
Bárdudvarnok;17:41.48;46:19.70
Barlahida;16:42.10;46:42.97
Bárna;19:56.15;48:05.97
Barnag;17:44.97;46:58.80
Bársonyos;17:55.12;47:30.53
Basal;17:47.01;46:04.45
Baskó;21:20.21;48:20.55
Báta;18:46.35;46:07.80
Bátaapáti;18:36.05;46:13.39
Bátaszék;18:43.33;46:11.68
Baté;17:57.87;46:21.47
Bátmonostor;18:55.61;46:06.27
Bátonyterenye;19:49.58;47:59.55
Bátor;20:15.84;47:59.41
Bátorliget;22:16.31;47:45.56
Battonya;21:01.16;46:17.31
Bátya;18:57.21;46:29.16
Batyk;17:02.09;46:59.46
Bázakerettye;16:43.89;46:31.52
Bazsi;17:14.72;46:55.95
Béb;17:36.05;47:20.68
Becsehely;16:47.76;46:27.02
Becske;19:22.68;47:54.67
Becskeháza;20:50.23;48:31.76
Becsvölgye;16:41.33;46:45.49
Bedegkér;18:03.70;46:39.06
Bedö;21:45.09;47:09.83
Bejcgyertyános;16:55.42;47:09.03
Békás;17:21.15;47:20.00
Bekecs;21:10.41;48:09.12
Békés;21:08.01;46:46.37
Békéscsaba;21:05.11;46:40.62
Békéssámson;20:37.20;46:25.35
Békésszentandrás;20:29.05;46:52.26
Bekölce;20:16.28;48:04.83
Bélapátfalva;20:21.14;48:03.30
Bélavár;17:13.06;46:07.26
Belecska;18:24.94;46:38.54
Beled;17:05.80;47:27.99
Beleg;17:24.87;46:18.95
Belezna;16:56.35;46:19.78
Bélmegyer;21:11.08;46:52.33
Beloiannisz;18:49.50;47:11.01
Belsösárd;16:28.37;46:38.60
Belvárdgyula;18:25.97;45:58.44
Benk;22:13.89;48:18.04
Bénye;19:32.66;47:21.30
Bér;19:30.32;47:51.84
Bérbaltavár;16:58.27;47:00.87
Bercel;19:24.41;47:52.36
Beregdaróc;22:31.55;48:11.97
Beregsurány;22:32.93;48:09.77
Berekböszörmény;21:40.87;47:03.73
Berekfürdö;20:50.20;47:22.94
Beremend;18:26.05;45:47.32
Berente;20:39.99;48:14.13
Beret;21:01.43;48:20.71
Berettyóújfalu;21:32.25;47:13.53
Berhida;18:08.19;47:07.12
Berkenye;19:04.35;47:53.36
Berkesd;18:24.68;46:04.53
Berkesz;21:57.76;48:05.83
Bernecebaráti;18:55.03;48:02.19
Berzék;20:58.94;48:01.65
Berzence;17:09.12;46:12.64
Besence;17:58.10;45:53.72
Besenyöd;22:00.51;47:57.84
Besenyötelek;20:25.95;47:41.99
Besenyszög;20:15.70;47:17.89
Besnyö;18:47.74;47:11.47
Beszterec;21:50.34;48:09.62
Bezedek;18:35.19;45:51.89
Bezenye;17:12.97;47:57.63
Bezeréd;17:00.83;46:52.18
Bezi;17:23.51;47:40.48
Biatorbágy;18:49.13;47:28.28
Bicsérd;18:04.78;46:01.40
Bicske;18:38.06;47:29.34
Bihardancsháza;21:19.04;47:13.76
Biharkeresztes;21:43.34;47:07.76
Biharnagybajom;21:17.11;47:10.39
Bihartorda;21:21.38;47:12.96
Biharugra;21:35.91;46:58.22
Bikács;18:40.02;46:40.64
Bikal;18:17.21;46:19.93
Biri;21:51.40;47:49.04
Birján;18:22.63;46:00.00
Bisse;18:15.77;45:54.57
Boba;17:11.32;47:11.07
Bocfölde;16:50.57;46:46.81
Boconád;20:11.55;47:38.53
Bócsa;19:28.97;46:36.89
Bocska;16:54.91;46:33.29
Bocskaikert;21:39.12;47:39.04
Boda;18:03.01;46:04.86
Bodajk;18:13.93;47:19.32
Bodmér;18:32.24;47:27.03
Bodolyabér;18:07.20;46:11.86
Bodonhely;17:24.46;47:33.85
Bodony;20:01.44;47:56.58
Bodorfa;17:20.67;47:04.61
Bodrog;17:39.55;46:28.51
Bodroghalom;21:42.41;48:18.00
Bodrogkeresztúr;21:21.64;48:09.54
Bodrogkisfalud;21:21.77;48:10.41
Bodrogolaszi;21:31.01;48:17.10
Bódvalenke;20:48.28;48:32.53
Bódvarákó;20:44.31;48:30.56
Bódvaszilas;20:43.97;48:32.24
Bogács;20:32.04;47:54.14
Bogád;18:19.51;46:05.18
Bogádmindszent;18:02.69;45:54.42
Bogdása;17:47.55;45:52.66
Bogyiszló;18:49.43;46:23.09
Bogyoszló;17:11.22;47:33.63
Bojt;21:44.02;47:11.62
Bókaháza;17:06.36;46:46.50
Bokod;18:15.17;47:29.47
Bokor;19:32.49;47:55.92
Boldog;19:41.49;47:36.06
Boldogasszonyfa;17:50.41;46:11.05
Boldogköújfalu;21:14.57;48:19.08
Boldogköváralja;21:14.27;48:20.40
Boldva;20:47.30;48:13.11
Bolhás;17:16.19;46:16.01
Bolhó;17:18.24;46:02.48
Bóly;18:31.12;45:58.04
Boncodfölde;16:44.29;46:52.19
Bonyhád;18:31.54;46:18.00
Bonyhádvarasd;18:28.82;46:22.25
Bonnya;17:54.26;46:35.76
Bordány;19:55.39;46:19.19
Borgáta;17:04.92;47:09.74
Borjád;18:28.29;45:56.20
Borota;19:13.42;46:16.01
Borsfa;16:46.99;46:30.32
Borsodbóta;20:23.89;48:12.68
Borsodgeszt;20:41.68;47:57.41
Borsodivánka;20:38.31;47:42.01
Borsodnádasd;20:14.75;48:07.35
Borsodszentgyörgy;20:12.28;48:11.27
Borsodszirák;20:46.10;48:15.86
Borsosberény;19:06.69;47:58.56
Borszörcsök;17:24.31;47:08.08
Borzavár;17:50.14;47:17.59
Bosta;18:12.82;45:57.00
Botpalád;22:43.96;47:59.14
Botykapeterd;17:52.12;46:03.01
Bozzai;16:45.86;47:12.53
Bozsok;16:29.54;47:19.73
Bózsva;21:28.20;48:28.53
Bö;16:48.96;47:22.10
Böcs;20:57.49;48:02.69
Böde;16:43.17;46:50.31
Bödeháza;16:23.72;46:38.99
Bögöt;16:49.93;47:15.13
Bögöte;17:02.88;47:05.07
Böhönye;17:23.70;46:24.63
Bököny;21:43.65;47:54.15
Bölcske;18:57.86;46:44.40
Böny;17:52.17;47:39.12
Börcs;17:30.08;47:41.11
Börzönce;16:53.36;46:34.81
Bösárkány;17:15.02;47:41.49
Böszénfa;17:51.12;46:14.18
Bucsa;20:59.87;47:12.24
Bucsu;16:29.59;47:15.84
Bucsuszentlászló;16:56.12;46:47.36
Bucsuta;16:50.22;46:33.92
Budajenö;18:48.21;47:33.39
Budakalász;19:03.01;47:37.38
Budakeszi;18:56.03;47:30.83
Budaörs;18:57.75;47:27.53
Budapest;19:09.56;47:28.95
Bugac;19:40.90;46:41.30
Bugacpusztaháza;19:38.07;46:42.12
Bugyi;19:08.92;47:13.60
Buj;21:38.45;48:06.06
Buják;19:32.66;47:52.96
Buzsák;17:35.04;46:38.53
Bük;16:45.16;47:23.23
Bükkábrány;20:40.93;47:53.36
Bükkaranyos;20:47.00;47:59.11
Bükkmogyorósd;20:21.37;48:07.77
Bükkösd;18:00.05;46:06.74
Bükkszék;20:10.63;47:59.33
Bükkszenterzsébet;20:08.98;48:03.18
Bükkszentkereszt;20:38.00;48:04.06
Bükkszentmárton;20:19.98;48:04.29
Bükkzsérc;20:30.20;47:57.54
Bürüs;17:45.71;45:57.96
Büssü;17:57.92;46:27.45
Büttös;21:00.89;48:28.72
Cák;16:30.98;47:21.44
Cakóháza;17:17.24;47:41.80
Cece;18:37.75;46:46.38
Cégénydányád;22:32.91;47:56.16
Cegléd;19:47.91;47:10.25
Ceglédbercel;19:40.22;47:13.40
Celldömölk;17:09.18;47:15.47
Cered;19:57.93;48:08.75
Chernelházadamonya;16:50.31;47:21.70
Cibakháza;20:12.24;46:57.32
Cigánd;21:53.33;48:15.44
Cikó;18:33.55;46:15.16
Cirák;17:01.79;47:28.72
Cún;18:04.18;45:48.72
Csabacsöd;20:39.12;46:49.49
Csabaszabadi;20:57.18;46:34.55
Csabdi;18:36.65;47:31.34
Csabrendek;17:17.46;47:01.94
Csáfordjánosfa;16:57.06;47:24.93
Csaholc;22:43.96;47:59.14
Csajág;18:11.13;47:02.63
Csákány;17:16.52;46:32.19
Csákánydoroszló;16:30.57;46:58.65
Csákberény;18:19.67;47:21.11
Csákvár;18:28.17;47:23.73
Csanádalberti;20:42.51;46:19.61
Csanádapáca;20:53.19;46:32.52
Csanádpalota;20:43.59;46:14.47
Csánig;17:01.62;47:25.87
Csány;19:49.83;47:38.88
Csányoszró;17:54.79;45:52.91
Csanytelek;20:06.97;46:36.07
Csapi;17:05.40;46:31.75
Csapod;16:55.66;47:31.14
Csárdaszállás;20:56.22;46:51.88
Csarnóta;18:13.14;45:53.75
Csaroda;22:27.55;48:09.74
Császár;18:08.59;47:30.12
Császártöltés;19:10.92;46:25.48
Császló;22:43.47;47:54.97
Csátalja;18:56.83;46:02.08
Csatár;16:52.37;46:46.74
Csataszög;20:23.03;47:17.00
Csatka;17:58.58;47:22.61
Csávoly;19:08.85;46:11.50
Csebény;17:55.82;46:11.44
Csécse;19:37.43;47:52.04
Csegöld;22:45.88;47:52.79
Csehbánya;17:41.13;47:10.85
Csehi;16:56.78;47:02.18
Csehimindszent;16:57.33;47:02.88
Csém;18:05.07;47:40.95
Csemö;19:41.72;47:06.97
Csempeszkopács;16:48.50;47:09.39
Csengele;19:51.92;46:32.54
Csenger;22:40.57;47:50.24
Csengersima;22:47.72;48:03.31
Csengerújfalu;22:37.62;47:48.42
Csengöd;19:15.97;46:43.00
Csénye;16:52.16;47:14.24
Csenyéte;21:02.53;48:26.05
Csép;18:03.82;47:34.64
Csépa;20:07.95;46:48.13
Csepreg;16:42.66;47:24.16
Csér;16:55.93;47:25.06
Cserdi;17:59.49;46:04.89
Cserénfa;17:52.89;46:18.47
Cserépfalu;20:32.19;47:56.50
Cserépváralja;20:33.64;47:55.91
Cserháthaláp;19:22.85;47:58.75
Cserhátsurány;19:25.55;47:58.67
Cserhátszentiván;19:34.93;47:56.39
Cserkeszölö;20:12.55;46:51.98
Cserkút;18:08.18;46:04.60
Csernely;20:20.33;48:08.59
Cserszegtomaj;17:14.07;46:48.39
Csertalakos;16:41.99;46:38.53
Csertö;17:48.20;46:05.60
Csesznek;17:53.19;47:21.18
Csesztreg;16:31.04;46:42.87
Csesztve;19:16.88;48:00.99
Csetény;18:00.01;47:18.97
Csévharaszt;19:25.67;47:17.76
Csibrák;18:20.80;46:28.01
Csikéria;19:28.78;46:06.89
Csikóstöttös;18:09.49;46:20.52
Csikvánd;17:27.27;47:28.13
Csincse;20:46.21;47:53.31
Csipkerek;16:56.68;47:04.44
Csitár;19:25.91;48:03.22
Csobád;21:01.64;48:16.88
Csobaj;21:20.33;48:02.91
Csobánka;18:58.10;47:38.73
Csókakö;18:16.37;47:21.29
Csokonyavisonta;17:26.79;46:04.74
Csokvaomány;20:22.49;48:09.96
Csolnok;18:42.95;47:41.59
Csólyospálos;19:50.26;46:25.18
Csoma;18:03.06;46:22.32
Csomád;19:14.20;47:39.32
Csombárd;17:40.23;46:27.15
Csongrád;20:08.54;46:42.81
Csonkahegyhát;16:43.23;46:48.07
Csonkamindszent;17:58.14;46:03.27
Csopak;17:55.64;46:58.62
Csór;18:15.34;47:12.30
Csorna;17:15.26;47:36.79
Csorvás;20:50.02;46:37.88
Csót;17:36.21;47:21.63
Csöde;16:32.04;46:49.13
Csögle;17:15.44;47:13.05
Csökmö;21:17.52;47:01.78
Csököly;17:33.52;46:17.99
Csömend;17:29.51;46:34.25
Csömödér;16:38.44;46:36.58
Csömör;19:13.76;47:32.80
Csönge;17:03.94;47:21.08
Csörnyeföld;16:38.06;46:30.06
Csörötnek;16:22.52;46:57.05
Csösz;18:25.03;47:02.26
Csövár;19:19.52;47:48.82
Csurgó;17:05.88;46:15.40
Csurgónagymarton;17:04.97;46:17.71
Dabas;19:18.95;47:10.89
Dabronc;17:10.09;47:01.85
Dabrony;17:19.69;47:14.62
Dad;18:13.61;47:31.17
Dág;18:43.25;47:39.86
Dáka;17:25.49;47:17.20
Dalmand;18:11.55;46:29.47
Damak;20:49.34;48:19.05
Dámóc;22:02.48;48:22.63
Dánszentmiklós;19:33.06;47:12.66
Dány;19:32.77;47:31.15
Daraboshegy;16:34.24;46:57.61
Darány;17:35.44;45:58.94
Darnó;22:39.76;47:57.51
Darnózseli;17:25.59;47:51.00
Darvas;21:20.34;47:06.09
Dávod;18:55.30;45:59.92
Debercsény;19:19.15;47:57.84
Debrecen;21:38.23;47:31.73
Debréte;20:52.03;48:30.03
Decs;18:45.49;46:17.05
Dédestapolcsány;20:29.14;48:10.81
Dég;18:26.77;46:52.42
Dejtár;19:10.32;48:02.31
Délegyháza;19:04.10;47:15.13
Demecser;21:55.22;48:06.48
Demjén;20:20.13;47:49.85
Dencsháza;17:50.26;45:59.62
Dénesfa;17:01.96;47:27.36
Derecske;21:33.87;47:21.13
Derekegyház;20:21.45;46:34.96
Deszk;20:14.63;46:13.02
Detek;21:01.14;48:20.05
Detk;20:05.93;47:44.98
Dévaványa;20:57.74;47:01.73
Devecser;17:26.24;47:06.37
Dinnyeberki;17:57.50;46:05.92
Diósberény;18:26.67;46:32.00
Diósd;18:57.02;47:24.57
Diósjenö;19:02.79;47:56.61
Dióskál;17:03.38;46:40.40
Diósviszló;18:10.10;45:52.65
Doba;17:22.56;47:09.92
Doboz;21:14.73;46:44.15
Dobri;16:34.94;46:30.99
Dobronhegy;16:45.14;46:49.24
Dóc;20:08.27;46:26.25
Domaháza;20:06.34;48:10.93
Domaszék;20:00.29;46:14.69
Dombegyház;21:07.97;46:20.33
Dombiratos;21:07.00;46:25.34
Dombóvár;18:37.36;46:23.95
Dombrád;21:55.35;48:13.73
Domony;19:26.10;47:39.35
Domoszló;20:06.93;47:49.80
Dormánd;20:25.25;47:43.18
Dorog;18:43.92;47:43.64
Dorogháza;19:54.19;47:59.25
Dozmat;16:30.73;47:14.08
Döbörhegy;16:42.23;46:59.47
Döbröce;17:11.36;46:56.22
Döbrököz;18:14.55;46:25.39
Döbrönte;17:32.91;47:13.77
Döge;22:04.41;48:15.66
Dömös;18:54.80;47:45.80
Dömsöd;19:00.79;47:05.47
Dör;17:18.07;47:35.91
Dörgicse;17:43.53;46:55.35
Döröske;16:42.03;47:00.76
Dötk;17:00.56;46:56.64
Dövény;20:32.77;48:20.93
Drágszél;19:02.32;46:28.06
Drávacsehi;18:10.02;45:48.74
Drávacsepely;18:08.35;45:49.83
Drávafok;17:45.93;45:53.18
Drávagárdony;17:36.41;45:56.69
Drávaiványi;17:49.11;45:50.82
Drávakeresztúr;17:45.66;45:50.35
Drávapalkonya;18:10.86;45:48.22
Drávapiski;18:06.09;45:50.47
Drávaszabolcs;18:12.74;45:48.29
Drávaszerdahely;18:09.92;45:50.21
Drávasztára;17:49.41;45:49.36
Drávatamási;17:34.41;45:56.56
Drégelypalánk;19:03.33;48:03.09
Dubicsány;20:29.61;48:17.07
Dudar;17:56.76;47:18.67
Duka;16:37.04;47:05.27
Dunaalmás;18:19.86;47:44.00
Dunabogdány;19:02.05;47:47.60
Dunaegyháza;18:57.66;46:50.39
Dunafalva;18:46.76;46:05.00
Dunaföldvár;18:55.45;46:47.29
Dunaharaszti;19:05.83;47:21.33
Dunakeszi;19:08.47;47:37.97
Dunakiliti;17:17.32;47:57.97
Dunapataj;19:00.03;46:38.67
Dunaremete;17:26.33;47:52.61
Dunaszeg;17:32.50;47:46.15
Dunaszekcs;18:45.60;46:05.22
Dunaszentbenedek;18:53.66;46:35.70
Dunaszentgyörgy;18:49.02;46:31.66
Dunaszentmiklós;18:22.67;47:42.13
Dunaszentpál;17:30.24;47:46.58
Dunasziget;17:21.16;47:56.33
Dunatetétlen;19:05.73;46:45.51
Dunaújváros;18:56.13;46:58.03
Dunavarsány;19:04.11;47:16.77
Dunavecse;18:58.37;46:54.90
Dusnok;18:57.56;46:23.40
Dúzs;18:22.89;46:29.48
Ebergöc;16:48.81;47:33.87
Ebes;21:29.45;47:28.27
Écs;17:42.28;47:33.67
Ecséd;19:46.23;47:43.93
Ecseg;19:36.40;47:53.92
Ecsegfalva;20:55.54;47:08.76
Ecseny;17:51.47;46:33.27
Ecser;19:19.21;47:26.49
Edde;17:43.08;46:31.48
Edelény;20:45.45;48:19.09
Edve;17:08.23;47:27.33
Eger;20:22.75;47:54.04
Egerág;18:18.41;45:58.98
Egeralja;17:14.51;47:14.19
Egeraracsa;17:04.84;46:40.22
Egerbakta;20:17.55;47:56.07
Egerbocs;20:15.64;48:01.60
Egercsehi;20:15.44;48:03.26
Egerfarmos;20:32.37;47:43.16
Egerlövö;20:37.15;47:43.19
Egerszalók;20:19.53;47:52.43
Egerszólát;20:16.21;47:53.51
Égerszög;20:35.29;48:26.62
Egervár;16:50.78;46:56.61
Egervölgy;16:54.39;47:07.23
Egyed;17:20.49;47:31.04
Egyek;20:53.54;47:37.64
Egyházasdengeleg;19:33.46;47:47.88
Egyházasfalu;16:46.07;47:27.83
Egyházasgerge;19:38.94;48:10.82
Egyházasharaszti;18:20.16;45:48.62
Egyházashetye;17:07.27;47:10.21
Egyházashollós;16:41.76;47:03.38
Egyházaskeszö;17:19.86;47:25.00
Egyházaskozár;18:19.15;46:19.86
Egyházasrádóc;16:37.04;47:05.27
Elek;21:15.24;46:31.80
Ellend;18:22.70;46:03.43
Elöszállás;18:49.39;46:49.92
Emöd;20:48.96;47:56.19
Encs;21:07.17;48:19.87
Encsencs;22:07.05;47:44.50
Endrefalva;19:34.67;48:07.63
Endröc;17:46.14;45:55.72
Enese;17:25.33;47:38.62
Enying;18:14.91;46:55.46
Eperjes;20:33.80;46:42.56
Eperjeske;22:12.82;48:20.78
Eplény;17:54.88;47:12.72
Epöl;18:38.52;47:38.76
Ercsi;18:53.72;47:14.97
Érd;18:54.62;47:23.73
Erdöbénye;21:21.18;48:15.91
Erdöhorváti;21:25.69;48:18.89
Erdökertes;19:18.82;47:40.34
Erdökövesd;20:06.26;48:02.28
Erdökürt;19:27.61;47:46.43
Erdösmárok;18:32.87;46:03.45
Erdösmecske;18:30.80;46:10.51
Erdötarcsa;19:32.45;47:45.87
Erdötelek;20:18.75;47:41.20
Erk;20:04.72;47:36.61
Érpatak;21:45.72;47:48.58
Érsekcsanád;18:59.08;46:15.18
Érsekhalma;19:07.48;46:20.92
Érsekvadkert;19:12.02;47:59.96
Értény;18:08.17;46:36.86
Erzsébet;18:27.68;46:06.02
Esztár;21:46.45;47:17.02
Eszteregnye;16:53.10;46:28.43
Esztergályhorváti;17:06.64;46:42.14
Esztergom;18:44.62;47:47.36
Ete;18:04.40;47:31.84
Etes;19:43.17;48:06.65
Etyek;18:45.01;47:26.77
Fábiánháza;22:21.40;47:50.63
Fábiánsebestyén;20:27.25;46:40.45
Fácánkert;18:44.31;46:26.81
Fadd;18:49.58;46:27.92
Fáj;21:04.65;48:25.32
Fajsz;18:55.18;46:25.07
Fancsal;21:03.96;48:21.30
Farád;17:12.20;47:36.31
Farkasgyepö;17:38.02;47:12.22
Farkaslyuk;20:18.57;48:11.01
Farmos;19:50.90;47:21.66
Fazekasboda;18:29.27;46:07.39
Fedémes;20:11.32;48:02.06
Fegyvernek;20:31.65;47:15.64
Fehérgyarmat;21:56.52;48:07.41
Fehértó;17:20.75;47:40.58
Fehérvárcsurgó;18:16.44;47:17.41
Feked;18:33.66;46:09.78
Feketeerdö;17:16.79;47:56.14
Felcsút;18:35.38;47:27.41
Feldebrö;20:14.27;47:48.75
Felgyö;20:06.58;46:39.94
Felpéc;17:35.98;47:31.36
Felsöberecki;21:41.66;48:21.64
Felsöcsatár;16:26.72;47:12.86
Felsödobsza;21:04.70;48:15.52
Felsöegerszeg;18:08.13;46:15.22
Felsögagy;21:00.77;48:25.63
Felsöjánosfa;16:33.28;46:50.88
Felsökelecsény;20:35.66;48:21.64
Felsölajos;19:29.73;47:03.94
Felsömarác;16:31.35;46:56.03
Felsömocsolád;17:49.56;46:34.47
Felsönána;18:31.83;46:28.02
Felsönyárád;20:35.95;48:19.72
Felsönyék;18:17.80;46:47.60
Felsöörs;17:57.25;47:00.92
Felsöpáhok;17:09.51;46:47.15
Felsöpakony;19:14.32;47:20.55
Felsöpetény;19:32.93;47:43.39
Felsörajk;16:59.30;46:40.74
Felsöregmec;21:36.39;48:29.43
Felsöszenterzsébet;16:27.42;46:45.22
Felsöszentiván;19:11.36;46:11.78
Felsöszentmárton;17:42.45;45:51.09
Felsöszölnök;16:09.70;46:52.65
Felsötárkány;20:25.07;47:58.44
Felsötelekes;20:38.21;48:24.44
Felsötold;19:36.72;47:58.09
Felsövadász;20:55.37;48:22.28
Felsözsolca;20:51.59;48:06.29
Fényeslitke;22:06.16;48:16.48
Fenyöfö;17:46.02;47:21.04
Ferencszállás;20:21.39;46:12.97
Fertöboz;16:42.10;47:38.21
Fertöd;16:53.28;47:37.18
Fertöendréd;16:54.64;47:36.38
Fertöhomok;16:46.21;47:37.26
Fertörákos;16:39.07;47:43.19
Fertöszentmiklós;16:52.26;47:35.61
Fertöszéplak;16:50.15;47:37.00
Fiad;17:50.55;46:38.05
Filkeháza;21:29.61;48:29.67
Fityeház;16:54.32;46:22.64
Foktö;18:55.18;46:31.67
Folyás;21:08.25;47:48.40
Fonó;17:57.24;46:23.87
Fony;21:17.15;48:23.50
Fonyód;17:32.82;46:44.50
Forráskút;19:54.56;46:21.86
Forró;21:05.23;48:19.43
Fót;19:11.53;47:36.99
Földeák;20:29.67;46:19.13
Földes;21:22.11;47:17.36
Fönyed;17:15.47;46:37.87
Fulókércs;21:06.45;48:25.73
Furta;21:27.73;47:07.73
Füle;18:14.95;47:03.05
Fülesd;22:39.76;47:57.51
Fülöp;22:03.43;47:35.88
Fülöpháza;19:26.72;46:53.57
Fülöpjakab;19:43.41;46:44.52
Fülöpszállás;19:14.25;46:49.19
Fülpösdaróc;22:28.87;47:56.45
Fürged;18:18.67;46:43.40
Füzér;21:27.41;48:32.37
Füzérkajata;21:30.11;48:31.16
Füzérkomlós;21:27.34;48:30.73
Füzérradvány;21:31.81;48:28.87
Füzesabony;20:25.07;47:44.98
Füzesgyarmat;21:12.89;47:06.29
Füzvölgy;16:56.49;46:31.45
Gáborján;21:39.75;47:14.19
Gáborjánháza;16:25.28;46:37.93
Gacsály;22:45.36;47:55.88
Gadács;18:00.37;46:32.37
Gadány;17:23.37;46:31.00
Gadna;20:55.78;48:24.05
Gádoros;20:36.01;46:40.05
Gagyapáti;21:00.12;48:24.52
Gagybátor;20:57.04;48:26.02
Gagyvendégi;20:58.53;48:25.72
Galambok;17:07.55;46:31.30
Galgaguta;19:23.40;47:50.86
Galgagyörk;19:22.64;47:44.46
Galgahévíz;19:33.63;47:37.19
Galgamácsa;19:23.28;47:41.67
Gálosfa;17:53.21;46:15.34
Galvács;20:57.79;48:26.33
Gamás;17:45.73;46:37.17
Ganna;17:31.92;47:13.95
Gánt;18:23.26;47:23.47
Gara;19:02.44;46:02.03
Garáb;19:38.50;47:58.67
Garabonc;17:07.44;46:35.29
Garadna;21:10.44;48:25.16
Garbolc;22:51.86;47:56.70
Gárdony;18:37.99;47:12.26
Garé;18:11.82;45:55.15
Gasztony;16:27.15;46:57.85
Gátér;19:57.57;46:40.94
Gávavencsellö;21:34.82;48:10.09
Géberjén;22:27.98;47:56.24
Gecse;17:31.73;47:26.81
Géderlak;18:54.92;46:36.46
Gégény;22:20.96;48:10.41
Gelej;20:46.60;47:49.82
Gelénes;22:26.84;48:12.03
Gellénháza;16:47.03;46:45.72
Gelse;16:59.50;46:36.08
Gelsesziget;16:59.32;46:34.06
Gemzse;22:11.64;48:08.33
Gencsapáti;16:36.04;47:17.08
Gérce;17:01.03;47:13.02
Gerde;18:01.65;45:59.31
Gerendás;20:51.67;46:35.77
Gerényes;18:11.26;46:18.39
Geresdlak;18:31.60;46:06.65
Gerjen;18:54.21;46:29.63
Gersekarát;16:44.43;46:58.76
Geszt;21:34.88;46:52.98
Gesztely;20:52.84;48:25.32
Geszteréd;21:46.57;47:45.63
Gétye;17:04.23;46:45.77
Gic;17:45.16;47:25.95
Gige;17:36.53;46:18.03
Gilvánfa;17:57.80;45:55.14
Girincs;20:59.05;47:58.11
Gógánfa;17:11.29;47:01.32
Golop;21:11.55;48:14.29
Gomba;19:31.87;47:22.24
Gombosszeg;16:43.25;46:45.37
Gór;16:48.15;47:21.53
Gordisa;18:14.30;45:47.86
Gosztola;16:31.82;46:35.18
Göd;19:08.23;47:41.70
Gödöllö;19:21.37;47:36.06
Gödre;17:58.09;46:17.36
Gölle;18:00.92;46:26.10
Gömörszölös;20:25.70;48:22.42
Gönc;21:16.36;48:28.30
Göncruszka;21:14.50;48:27.03
Gönyö;17:49.76;47:43.97
Görbeháza;21:14.16;47:49.01
Görcsöny;18:08.22;45:58.23
Görcsönydoboka;18:37.86;46:04.23
Görgeteg;17:26.61;46:08.99
Gösfa;16:51.53;46:57.61
Grábóc;18:36.44;46:17.42
Gulács;22:28.14;48:05.23
Gutorfölde;16:44.04;46:38.65
Gyál;19:13.18;47:23.14
Gyalóka;16:41.90;47:26.60
Gyanógeregye;16:45.97;47:07.39
Gyarmat;17:29.72;47:27.73
Gyékényes;17:00.55;46:14.21
Gyenesdiás;17:17.42;46:46.29
Gyepükaján;17:19.69;47:02.62
Gyermely;18:38.64;47:35.47
Gyód;18:10.84;45:59.85
Gyomaendröd;20:46.90;46:55.92
Gyóró;17:01.38;47:29.50
Gyömöre;17:34.08;47:29.86
Gyömrö;19:23.82;47:25.59
Gyöngyfa;17:57.23;45:57.69
Gyöngyös;19:55.69;47:46.87
Gyöngyösfalu;16:35.31;47:18.97
Gyöngyöshalász;19:55.83;47:44.59
Gyöngyösmellék;17:42.25;45:59.24
Gyöngyösoroszi;19:53.56;47:49.62
Gyöngyöspata;19:47.46;47:48.86
Gyöngyössolymos;19:56.17;47:48.89
Gyöngyöstarján;19:52.08;47:48.77
Gyönk;18:28.75;46:33.40
Györ;17:37.97;47:41.28
Györasszonyfa;17:48.63;47:29.74
Györe;18:24.00;46:17.80
Györgytarló;21:38.01;48:12.44
Györköny;18:41.88;46:38.11
Györladamér;17:33.81;47:45.28
Györöcske;22:09.22;48:23.07
Györság;17:45.12;47:34.84
Györsövényház;17:22.44;47:41.45
Györszemere;17:33.76;47:33.11
Györtelek;22:26.15;47:56.07
Györújbarát;17:38.89;47:36.46
Györújfalu;17:36.39;47:43.47
Györvár;16:50.48;46:59.11
Györzámoly;17:34.90;47:44.54
Gyugy;17:41.04;46:41.27
Gyula;21:16.79;46:38.77
Gyulaháza;22:06.68;48:08.34
Gyulaj;18:17.76;46:30.51
Gyulakeszi;17:28.92;46:52.16
Gyúró;18:44.32;47:22.24
Gyügye;22:34.15;47:55.43
Gyüre;22:16.22;48:10.55
Györös;16:59.53;46:53.08
Hács;17:41.39;46:38.89
Hagyárosbörönd;16:42.30;46:54.48
Hahót;16:55.41;46:38.54
Hajdúbagos;21:39.97;47:23.61
Hajdúböszörmény;21:30.79;47:40.20
Hajdúdorog;21:29.99;47:48.99
Hajdúhadház;21:40.20;47:40.91
Hajdúnánás;21:25.79;47:50.71
Hajdúsámson;21:45.85;47:36.13
Hajdúszoboszló;21:24.05;47:26.63
Hajdúszovát;21:28.45;47:23.48
Hajmás;17:54.56;46:16.63
Hajmáskér;18:01.15;47:08.76
Hajós;19:06.87;46:23.95
Halastó;16:41.23;46:56.94
Halászi;17:19.80;47:53.50
Halásztelek;18:58.83;47:21.73
Halimba;17:32.21;47:02.02
Halmaj;21:00.05;48:14.92
Halmajugra;20:03.07;47:45.90
Halogy;16:33.72;46:58.28
Hangács;20:49.96;48:17.39
Hangony;20:12.11;48:13.70
Hantos;18:42.11;46:59.66
Harasztifalu;16:33.06;47:03.04
Harc;18:37.38;46:24.21
Harka;16:36.23;47:38.04
Harkakötöny;19:36.51;46:27.84
Harkány;18:14.38;45:50.97
Háromfa;17:19.87;46:06.33
Háromhuta;21:25.82;48:22.72
Harsány;20:44.52;47:58.12
Hárskút;17:48.88;47:11.11
Harta;19:01.80;46:41.91
Hásságy;18:23.42;46:02.05
Hatvan;19:40.67;47:39.99
Hédervár;17:27.44;47:49.86
Hedrehely;17:39.13;46:11.75
Hegyesd;17:31.44;46:55.06
Hegyeshalom;17:09.34;47:54.86
Hegyfalu;16:53.11;47:21.16
Hegyháthodász;16:39.47;46:56.22
Hegyhátmaróc;18:20.31;46:18.65
Hegyhátsál;16:38.64;46:57.69
Hegyhátszentjakab;16:32.92;46:52.04
Hegyhátszentmárton;16:28.89;46:56.08
Hegyhátszentpéter;16:19.02;46:58.25
Hegykö;16:47.82;47:37.25
Hegymagas;17:26.04;46:50.09
Hegymeg;20:51.74;48:19.93
Hegyszentmárton;18:04.79;45:54.22
Héhalom;19:35.20;47:46.63
Hejce;21:17.08;48:25.51
Hejöbába;20:56.75;47:54.37
Hejökeresztúr;20:53.12;47:57.93
Hejökürt;20:59.72;47:51.41
Hejöpapi;20:54.40;47:53.80
Hejöszalonta;20:52.90;47:56.42
Helesfa;17:58.70;46:05.45
Helvécia;19:37.34;46:50.28
Hencida;21:41.95;47:15.02
Hencse;17:37.34;46:12.04
Herceghalom;18:44.98;47:29.80
Hercegkút;21:31.97;48:19.98
Hercegszántó;18:56.33;45:56.93
Heréd;19:38.06;47:42.49
Héreg;18:30.21;47:38.70
Herencsény;19:28.46;47:58.54
Herend;17:45.23;47:07.99
Heresznye;17:16.63;46:03.22
Hermánszeg;22:36.66;47:54.06
Hernád;19:24.46;47:09.92
Hernádböd;21:08.26;48:17.76
Hernádcéce;21:11.54;48:21.01
Hernádkak;20:57.75;48:05.40
Hernádkércs;21:03.17;48:14.58
Hernádnémeti;20:58.41;48:04.30
Hernádpetri;21:09.71;48:28.94
Hernádszentandrás;21:05.69;48:17.41
Hernádszurdok;21:12.39;48:28.98
Hernádvécse;21:10.18;48:26.43
Hernyék;16:38.59;46:38.93
Hét;20:23.32;48:16.99
Hetefejércse;22:28.40;48:07.71
Hetes;17:41.66;46:25.24
Hetvehely;18:02.78;46:07.96
Hetyefö;17:09.83;47:02.79
Heves;20:17.30;47:35.77
Hevesaranyos;20:14.29;48:00.51
Hevesvezekény;20:21.60;47:33.44
Hévíz;17:11.26;46:47.52
Hévízgyörk;19:31.30;47:37.67
Hidas;18:29.74;46:15.42
Hidasnémeti;21:13.82;48:30.22
Hidegkút;17:49.82;47:00.19
Hidegség;16:44.52;47:37.62
Hidvégardó;20:50.34;48:33.59
Himesháza;18:34.52;46:05.00
Himod;17:02.13;47:32.74
Hirics;17:59.79;45:49.57
Hobol;17:46.60;46:01.30
Hodász;22:19.27;47:57.40
Hódmezövásárhely;20:19.50;46:25.26
Hollád;17:18.66;46:38.48
Hollóháza;21:24.81;48:32.54
Hollókö;19:35.63;47:59.87
Homokbödöge;17:35.66;47:18.16
Homokkomárom;16:55.02;46:30.28
Homokmégy;19:04.41;46:29.38
Homokszentgyörgy;17:34.79;46:07.18
Homorúd;18:47.50;45:58.93
Homrogd;20:54.97;48:16.81
Hont;18:59.84;48:02.97
Horpács;19:07.93;48:00.08
Hort;19:46.89;47:41.41
Hortobágy;21:09.34;47:35.12
Horváthertelend;17:55.66;46:10.62
Horvátlövö;16:27.68;47:10.84
Horvátzsidány;16:37.52;47:24.72
Hosszúhetény;18:21.48;46:09.41
Hosszúpályi;21:43.90;47:23.60
Hosszúpereszteg;17:01.49;47:05.74
Hosszúvíz;17:26.61;46:31.03
Hosszúvölgy;16:55.93;46:30.90
Hosztót;17:14.71;47:05.20
Hottó;16:45.11;46:50.87
Högyész;18:25.24;46:29.61
Hövej;17:01.26;47:32.99
Hugyag;19:26.02;48:05.24
Hunya;20:50.86;46:48.72
Hunyadfalva;20:22.28;47:18.73
Husztót;18:05.71;46:10.30
Ibafa;17:55.15;46:09.39
Iborfia;16:45.75;46:44.19
Ibrány;21:22.40;48:05.75
Igal;17:56.52;46:32.35
Igar;18:30.98;46:46.72
Igrici;20:52.97;47:52.06
Iharos;17:05.78;46:20.44
Iharosberény;17:06.75;46:21.83
Ikervár;16:53.88;47:12.51
Iklad;19:26.59;47:39.71
Iklanberény;16:48.35;47:25.53
Iklódbördöce;16:36.63;46:36.34
Ikrény;17:31.89;47:39.35
Iliny;19:25.59;48:01.99
Ilk;22:14.39;48:07.07
Illocska;18:31.47;45:48.03
Imola;20:33.15;48:25.23
Imrehegy;19:18.13;46:29.35
Ináncs;21:04.19;48:17.12
Inárcs;19:19.79;47:15.52
Inke;17:11.83;46:23.56
Ipacsfa;18:12.42;45:50.15
Ipolydamásd;18:49.83;47:50.46
Ipolytarnóc;19:37.49;48:14.07
Ipolytölgyes;18:46.56;47:55.43
Ipolyvece;19:06.73;48:03.72
Iregszemcse;18:11.06;46:41.60
Irota;20:52.61;48:23.85
Isaszeg;19:24.00;47:32.19
Ispánk;16:26.69;46:51.85
Istenmezeje;20:03.18;48:04.87
Istvándi;17:37.38;46:01.21
Iszkaszentgyörgy;18:17.90;47:14.60
Iszkáz;17:17.95;47:10.01
Isztimér;18:11.67;47:16.81
Ivád;20:03.85;48:01.12
Iván;16:54.61;47:26.61
Ivánbattyán;18:25.15;45:54.40
Ivánc;16:29.95;46:56.26
Iváncsa;18:49.75;47:09.40
Ivándárda;18:35.54;45:49.87
Izmény;18:24.89;46:18.91
Izsák;19:21.19;46:48.25
Izsófalva;20:39.29;48:18.68
Jágónak;18:05.45;46:18.83
Ják;16:34.77;47:08.58
Jakabszállás;19:36.44;46:45.76
Jákfa;16:57.44;47:20.72
Jákfalva;20:34.34;48:20.03
Jákó;17:33.18;46:20.06
Jánd;22:22.65;48:06.72
Jánkmajtis;22:39.29;47:56.41
Jánoshalma;19:19.61;46:18.08
Jánosháza;17:09.84;47:07.28
Jánoshida;20:03.69;47:22.92
Jánossomorja;17:08.35;47:47.25
Járdánháza;20:14.80;48:09.29
Jármi;22:14.97;47:58.17
Jásd;18:01.47;47:17.33
Jászágó;19:51.12;47:35.73
Jászalsószentgyörgy;20:05.84;47:22.31
Jászapáti;20:08.54;47:30.78
Jászárokszállás;19:58.74;47:38.60
Jászberény;19:54.68;47:30.09
Jászboldogháza;20:00.14;47:22.13
Jászdózsa;20:00.97;47:33.97
Jászfelsöszentgyörgy;19:47.46;47:30.51
Jászfényszaru;19:43.44;47:34.14
Jászivány;20:14.80;47:31.27
Jászjákóhalma;19:59.55;47:31.23
Jászkarajenö;20:04.03;47:03.15
Jászkisér;20:13.03;47:27.49
Jászladány;20:10.04;47:21.98
Jászszentandrás;20:10.50;47:35.14
Jászszentlászló;19:45.43;46:34.14
Jásztelek;20:00.08;47:28.99
Jéke;22:09.22;48:23.07
Jenö;18:14.88;47:06.12
Jobaháza;17:11.29;47:34.76
Jobbágyi;19:40.67;47:49.79
Jósvafö;20:33.21;48:28.95
Juta;17:44.15;46:24.39
Kaba;21:16.50;47:21.45
Kacorlak;16:57.35;46:34.42
Kács;20:36.85;47:57.50
Kacsóta;17:57.29;46:02.41
Kadarkút;17:37.33;46:14.18
Kajárpéc;17:38.08;47:29.56
Kajászó;18:43.18;47:19.64
Kajdacs;18:37.56;46:33.92
Kakasd;18:35.74;46:20.76
Kákics;17:51.59;45:54.23
Kakucs;19:21.93;47:14.53
Kál;20:15.76;47:43.93
Kalaznó;18:28.53;46:30.10
Káld;17:02.67;47:09.83
Kálló;19:29.51;47:45.00
Kallósd;17:03.97;46:52.27
Kállósemjén;21:55.59;47:51.57
Kálmáncsa;17:37.22;46:04.04
Kálmánháza;21:34.76;47:52.67
Kálócfa;16:33.74;46:45.46
Kalocsa;18:58.75;46:31.74
Káloz;18:28.96;46:57.35
Kám;16:53.38;47:06.57
Kamond;17:12.24;47:09.00
Kamut;20:58.92;46:45.61
Kánó;20:35.97;48:25.70
Kántorjánosi;22:08.88;47:56.23
Kány;21:00.93;48:30.87
Kánya;18:04.15;46:42.06
Kányavár;16:40.86;46:34.35
Kapolcs;17:36.50;46:57.27
Kápolna;20:14.84;47:45.57
Kápolnásnyék;18:40.82;47:14.51
Kapoly;17:58.61;46:43.61
Kaposfö;17:39.83;46:21.68
Kaposgyarmat;17:52.97;46:16.81
Kaposhomok;17:55.55;46:21.57
Kaposkeresztúr;17:58.11;46:19.90
Kaposmérö;17:42.28;46:21.64
Kapospula;18:05.98;46:22.53
Kaposújlak;17:43.79;46:21.84
Kaposvár;17:47.75;46:21.45
Kaposszekcsö;18:07.93;46:19.88
Kaposszerdahely;17:45.51;46:19.30
Káptalanfa;17:20.75;47:03.97
Káptalantóti;17:31.02;46:50.99
Kapuvár;17:01.75;47:35.57
Kára;18:00.79;46:37.03
Karácsond;20:01.70;47:43.84
Karád;17:50.67;46:41.33
Karakó;17:12.11;47:07.00
Karakószörcsök;17:17.26;47:07.90
Karancsalja;19:45.52;48:07.81
Karancsberény;19:44.95;48:11.15
Karancskeszi;19:42.08;48:09.75
Karancslapujtö;19:44.43;48:09.19
Karancsság;19:39.64;48:06.96
Kárász;18:19.25;46:16.07
Karcag;20:58.72;47:16.98
Karcsa;21:47.33;48:20.06
Kardos;20:43.04;46:47.66
Kardoskút;20:42.16;46:29.89
Karmacs;17:10.43;46:50.17
Karos;21:44.64;48:19.75
Kartal;19:31.84;47:40.13
Kásád;18:24.00;45:46.65
Kaskantyú;19:23.34;46:40.25
Kastélyosdombó;17:37.15;45:57.28
Kaszaper;20:49.52;46:27.48
Kaszó;17:13.37;46:19.20
Katádfa;17:52.27;45:59.88
Katafa;16:37.99;46:58.80
Kátoly;18:27.19;46:03.80
Katymár;19:12.48;46:02.07
Káva;19:35.38;47:21.31
Kávás;16:42.66;46:51.78
Kazár;19:51.62;48:03.03
Kazincbarcika;20:38.29;48:15.24
Kázsmárk;20:58.64;48:16.53
Kazsok;17:57.84;46:28.77
Kecel;19:14.99;46:31.66
Kecskéd;18:18.88;47:31.23
Kecskemét;19:41.57;46:54.53
Kehidakustyán;17:06.37;46:50.17
Kék;21:52.64;48:06.97
Kékcse;22:00.61;48:15.11
Kéked;21:21.07;48:32.76
Kékesd;18:28.44;46:06.12
Kékkút;17:33.64;46:51.06
Kelebia;19:36.54;46:11.83
Keléd;17:07.05;47:04.55
Kelemér;20:25.76;48:21.34
Kéleshalom;19:17.03;46:21.87
Kelevíz;17:25.16;46:31.39
Kemecse;21:47.88;48:03.98
Kemence;18:53.79;48:01.15
Kemendollár;16:56.86;46:54.33
Kemeneshögyész;17:17.81;47:21.27
Kemeneskápolna;17:06.36;47:12.53
Kemenesmagasi;17:12.54;47:19.96
Kemenesmihályfa;17:06.80;47:17.15
Kemenespálfa;17:10.42;47:08.24
Kemenessömjén;17:07.91;47:17.56
Kemenesszentmárton;17:09.77;47:17.77
Kemenesszentpéter;17:13.95;47:25.60
Keménfa;16:38.35;46:50.38
Kémes;18:06.49;45:49.21
Kemestaródfa;16:48.41;47:00.53
Kemse;17:54.85;45:49.38
Kenderes;20:43.69;47:13.07
Kenéz;16:47.53;47:12.20
Kenézlö;21:31.82;48:11.97
Kengyel;20:20.41;47:05.77
Kenyeri;17:05.53;47:23.06
Kercaszomor;16:21.14;46:47.41
Kercseliget;18:03.80;46:19.64
Kerecsend;20:20.69;47:47.69
Kerecseny;17:02.93;46:37.37
Kerekegyháza;19:28.72;46:56.25
Kereki;17:54.79;46:47.72
Kerékteleki;17:56.33;47:30.75
Kerepes;19:17.02;47:33.90
Kerepestarcsa;19:17.00;47:34.00
Keresztéte;20:57.03;48:30.01
Kerkabarabás;16:33.45;46:40.76
Kerkafalva;16:29.30;46:46.19
Kerkakutas;16:30.34;46:45.65
Kerkáskápolna;16:29.56;46:48.78
Kerkaszentkirály;16:34.79;46:30.07
Kerkateskánd;16:34.31;46:34.47
Kérsemjén;22:14.97;47:58.17
Kerta;17:16.49;47:09.90
Kertészsziget;21:03.72;47:09.31
Keszeg;19:14.31;47:50.16
Kesznyéten;21:02.60;47:58.21
Keszöhidegkút;18:25.54;46:36.71
Keszthely;17:15.20;46:46.23
Kesztölc;18:47.42;47:42.75
Keszü;18:11.61;46:00.84
Kétbodony;19:17.13;47:56.14
Kétegyháza;21:11.08;46:32.59
Kéthely;17:23.70;46:38.80
Kétpó;20:28.94;47:04.50
Kétsoprony;20:53.33;46:43.25
Kétújfalu;17:43.23;45:57.98
Kétvölgy;16:13.31;46:53.18
Kéty;18:31.56;46:26.40
Kevermes;21:10.88;46:25.10
Kilimán;16:59.83;46:38.18
Kimle;17:22.20;47:49.08
Kincsesbánya;18:16.46;47:15.88
Királd;20:22.48;48:14.21
Királyegyháza;17:58.31;45:59.81
Királyhegyes;20:36.80;46:16.30
Királyszentistván;18:02.65;47:06.52
Kisapáti;17:28.17;46:50.65
Kisapostag;18:56.06;46:53.82
Kisar;22:17.99;48:08.83
Kisasszond;17:38.40;46:19.94
Kisasszonyfa;18:00.50;45:56.80
Kisbabot;17:24.92;47:33.33
Kisbágyon;19:35.12;47:49.47
Kisbajcs;17:40.84;47:44.71
Kisbajom;17:29.20;46:18.48
Kisbárapáti;17:51.97;46:36.24
Kisbárkány;19:41.19;48:01.00
Kisbér;18:02.20;47:29.76
Kisberény;17:39.70;46:38.30
Kisberzseny;17:16.04;47:06.38
Kisbeszterce;18:01.77;46:12.34
Kisbodak;17:25.19;47:53.81
Kisbucsa;16:56.58;46:49.16
Kisbudmér;18:26.96;45:54.82
Kiscsécs;21:00.77;47:58.00
Kiscsehi;16:40.56;46:31.18
Kiscsösz;17:16.82;47:11.86
Kisdér;18:07.82;45:56.46
Kisdobsza;17:39.43;46:01.67
Kisdombegyház;21:05.91;46:22.29
Kisdorog;18:29.86;46:23.32
Kisecset;19:18.86;47:56.28
Kisfalud;17:05.50;47:31.73
Kisfüzes;20:07.69;47:59.32
Kisgörbö;17:09.52;46:56.20
Kisgyalán;17:58.60;46:25.39
Kisgyör;20:41.28;48:00.67
Kishajmás;18:04.98;46:12.09
Kisharsány;18:21.96;45:51.57
Kishartyán;19:42.35;48:05.08
Kisherend;18:20.02;45:57.89
Kishódos;22:50.15;47:58.27
Kishuta;21:28.92;48:26.82
Kisigmánd;18:05.57;47:39.16
Kisjakabfalva;18:26.24;45:53.75
Kiskassa;18:24.06;45:57.17
Kiskinizs;21:02.24;48:15.10
Kiskorpád;17:36.71;46:21.18
Kisköre;20:29.61;47:29.90
Kiskörös;19:10.54;46:30.42
Kiskunfélegyháza;19:50.71;46:42.72
Kiskunhalas;19:29.03;46:26.03
Kiskunlacháza;19:00.43;47:11.05
Kiskunmajsa;19:44.22;46:29.61
Kiskutas;16:47.94;46:54.67
Kisláng;18:23.32;46:57.69
Kisléta;22:00.31;47:50.07
Kislippó;18:32.09;45:49.63
Kislöd;17:37.38;47:08.74
Kismányok;18:28.40;46:16.38
Kismarja;21:49.26;47:14.82
Kismaros;19:00.80;47:49.58
Kisnamény;22:46.92;48:06.26
Kisnána;20:08.92;47:51.14
Kisnémedi;19:17.29;47:44.37
Kisnyárád;18:33.99;46:02.28
Kisoroszi;19:00.59;47:48.51
Kispalád;22:50.28;48:01.31
Kispáli;16:49.74;46:54.67
Kispirit;17:14.54;47:11.89
Kisrákos;16:30.16;46:51.49
Kisrécse;17:03.83;46:30.06
Kisrozvágy;21:56.35;48:20.88
Kissikátor;20:07.82;48:11.75
Kissomlyó;17:06.20;47:08.68
Kistamási;17:43.36;46:00.72
Kistapolca;18:23.11;45:49.28
Kistarcsa;19:15.85;47:32.80
Kistelek;19:58.80;46:28.17
Kistokaj;20:50.40;48:02.37
Kistolmács;16:45.12;46:29.23
Kistormás;18:34.01;46:30.08
Kistótfalu;18:18.73;45:54.51
Kisújszállás;20:48.65;47:11.12
Kisunyom;16:38.44;47:08.72
Kisvárda;22:04.84;48:13.36
Kisvarsány;22:17.99;48:08.83
Kisvásárhely;17:12.00;46:59.75
Kisvaszar;18:12.81;46:16.55
Kisvejke;18:24.86;46:22.92
Kiszombor;20:25.67;46:11.18
Kiszsidány;16:38.41;47:24.62
Kisszállás;19:29.49;46:16.82
Kisszékely;18:32.36;46:40.91
Kisszekeres;22:38.74;47:58.60
Kisszentmárton;18:01.53;45:49.45
Kissziget;16:39.94;46:37.40
Kisszölös;17:19.84;47:11.90
Klárafalva;20:19.54;46:13.28
Kocs;18:12.83;47:36.47
Kocsér;19:55.32;47:00.09
Kocsola;18:10.90;46:31.68
Kocsord;22:22.97;47:56.40
Kóka;19:34.92;47:29.13
Kokad;21:56.01;47:24.39
Kolontár;17:28.63;47:05.19
Komádi;21:29.83;47:00.26
Komárom;18:07.29;47:44.42
Komjáti;20:45.78;48:32.73
Komló;18:15.72;46:11.44
Komlódtótfalu;22:42.25;47:50.59
Komlósd;17:23.22;46:01.09
Komlóska;21:27.81;48:20.58
Komoró;22:07.04;48:18.24
Kompolt;20:14.92;47:44.56
Kondó;20:38.68;48:11.28
Kondorfa;16:23.87;46:53.81
Kondoros;20:47.95;46:45.47
Kóny;17:21.66;47:37.92
Konyár;21:40.26;47:19.17
Kópháza;16:38.66;47:38.18
Koppányszántó;18:06.27;46:35.65
Korlát;21:14.74;48:22.72
Koroncó;17:31.71;47:36.05
Kórós;18:05.17;45:52.02
Kosd;19:10.83;47:48.26
Kóspallag;18:56.17;47:52.46
Kótaj;21:42.01;48:03.14
Kovácshida;18:11.23;45:50.21
Kovácsszénája;18:06.68;46:10.33
Kovácsvágás;21:31.72;48:27.29
Kozárd;19:37.16;47:54.91
Kozármisleny;18:17.43;46:02.53
Kozmadombja;16:33.26;46:46.04
Köblény;18:18.34;46:17.67
Köcsk;17:05.92;47:11.47
Kökény;18:12.43;45:59.90
Kökút;17:34.59;46:11.54
Kölcse;22:42.73;48:03.09
Kölesd;18:35.19;46:30.58
Kölked;18:42.48;45:56.96
Kömlö;20:26.71;47:36.03
Kömlöd;18:15.70;47:32.84
Kömörö;22:35.90;48:01.47
Kömpöc;19:52.08;46:27.89
Körmend;16:36.11;47:00.84
Környe;18:20.00;47:32.84
Köröm;20:57.13;47:59.00
Köröshegy;17:53.96;46:49.86
Körösladány;21:04.79;46:57.75
Körösnagyharsány;21:38.60;47:00.53
Köröstarcsa;21:01.54;46:52.70
Köröstetétlen;20:01.52;47:06.11
Körösújfalu;21:24.03;46:57.98
Körösszakál;21:35.65;47:01.20
Körösszegapáti;21:38.13;47:02.44
Köszárhegy;18:20.62;47:05.71
Köszeg;16:32.91;47:23.43
Köszegdoroszló;16:32.60;47:20.75
Köszegpaty;16:39.06;47:19.64
Köszegszerdahely;16:31.09;47:20.48
Kötcse;17:10.34;46:15.10
Kötegyán;21:28.63;46:44.38
Kötelek;20:26.64;47:20.19
Kövágóörs;17:36.08;46:50.98
Kövágószölös;18:07.55;46:05.02
Kövágótöttös;18:06.16;46:05.18
Kövegy;20:41.25;46:13.48
Köveskál;17:36.43;46:52.99
Krasznokvajda;20:58.31;48:28.24
Kulcs;18:54.86;47:03.40
Kunadacs;19:17.32;46:57.31
Kunágota;21:02.94;46:25.48
Kunbaja;19:25.38;46:05.18
Kunbaracs;19:24.31;46:59.33
Kuncsorba;20:33.43;47:07.57
Kunfehértó;19:24.93;46:21.64
Kunhegyes;20:37.90;47:22.05
Kunmadaras;20:47.92;47:25.61
Kunpeszér;19:16.60;47:03.71
Kunszállás;19:45.30;46:45.85
Kunszentmárton;20:17.20;46:50.22
Kunszentmiklós;19:07.44;47:01.61
Kunsziget;17:31.19;47:44.42
Kup;17:27.96;47:14.93
Kupa;20:54.94;48:19.95
Kurd;18:18.97;46:26.88
Kurityán;20:37.64;48:18.63
Kustánszeg;16:40.83;46:47.10
Kutas;17:27.27;46:19.96
Kutasó;19:32.58;47:56.84
Kübekháza;20:16.67;46:09.04
Külsösárd;16:29.12;46:37.72
Külsövat;17:13.41;47:17.83
Küngös;18:10.40;47:03.96
Lábatlan;18:29.62;47:44.62
Lábod;17:27.28;46:12.32
Lácacséke;21:59.49;48:21.97
Lad;17:38.87;46:08.69
Ladánybene;19:27.52;47:02.14
Ládbesenyö;20:47.29;48:20.65
Lajoskomárom;18:20.44;46:50.60
Lajosmizse;19:33.39;47:01.61
Lak;20:52.22;48:20.91
Lakhegy;16:49.97;46:57.33
Lakitelek;19:59.67;46:52.56
Lakócsa;17:41.69;45:53.68
Lánycsók;18:37.56;46:00.43
Lápafö;18:03.65;46:30.90
Lapáncsa;18:29.94;45:49.15
Laskod;22:02.52;48:03.15
Lasztonya;16:43.06;46:33.46
Látrány;17:44.84;46:44.83
Lázi;17:50.11;47:27.87
Leányfalu;19:05.08;47:43.03
Leányvár;18:46.18;47:40.83
Lébény;17:23.28;47:44.08
Legénd;19:18.85;47:52.65
Legyesbénye;21:09.28;48:09.48
Léh;20:58.90;48:17.45
Lénárddaróc;20:22.31;48:08.88
Lendvadedes;16:30.56;46:34.84
Lendvajakabfa;16:26.57;46:40.52
Lengyel;18:22.09;46:22.70
Lengyeltóti;17:38.23;46:40.06
Lenti;16:32.57;46:37.48
Lepsény;18:14.42;46:59.41
Lesencefalu;17:20.71;46:50.70
Lesenceistvánd;17:21.59;46:52.23
Lesencetomaj;17:21.92;46:51.49
Létavértes;21:52.97;47:23.00
Letenye;16:43.63;46:25.82
Letkés;18:46.57;47:53.11
Levél;17:12.21;47:53.67
Levelek;21:59.21;47:58.00
Libickozma;17:32.06;46:31.39
Lickóvadamos;16:46.29;46:44.79
Liget;18:11.56;46:14.09
Ligetfalva;17:03.71;46:49.48
Lipót;17:27.89;47:51.75
Lippó;18:34.28;45:51.94
Liptód;18:31.12;46:02.75
Lispeszentadorján;16:41.87;46:32.56
Liszó;17:00.24;46:22.21
Litér;18:00.49;47:05.91
Litka;21:09.73;48:07.81
Litke;19:36.15;48:12.63
Lócs;16:48.71;47:24.23
Lókút;17:52.20;47:12.34
Lónya;22:16.00;48:19.63
Lórév;18:53.99;47:06.96
Lothárd;18:21.25;46:00.04
Lovas;17:57.65;46:59.64
Lovasberény;18:22.00;47:07.00
Lovászhetény;18:28.57;46:09.46
Lovászi;16:33.45;46:33.12
Lovászpatona;17:37.58;47:26.10
Lökösháza;21:13.95;46:25.81
Lörinci;19:40.76;47:44.90
Lövö;16:47.13;47:30.01
Lövöpetri;22:11.46;48:10.81
Lucfalva;19:41.52;48:01.85
Ludányhalászi;19:31.76;48:08.31
Ludas;20:05.48;47:43.96
Lukácsháza;16:34.87;47:20.26
Lulla;18:01.42;46:47.42
Lúzsok;17:56.81;45:50.38
Mád;21:16.70;48:11.55
Madaras;19:15.79;46:03.46
Madocsa;18:57.18;46:41.23
Maglóca;17:16.60;47:39.75
Maglód;19:21.12;47:26.66
Mágocs;18:14.00;46:20.98
Magosliget;22:52.18;48:03.09
Magy;21:58.82;47:56.40
Magyaralmás;18:19.59;47:17.45
Magyaratád;17:54.17;46:27.82
Magyarbánhegyes;20:57.81;46:27.43
Magyarbóly;18:29.69;45:50.50
Magyarcsanád;20:36.87;46:10.21
Magyardombegyház;20:57.71;46:31.10
Magyaregregy;18:18.59;46:14.99
Magyaregres;17:46.37;46:27.55
Magyarföld;16:25.19;46:46.60
Magyargéc;19:36.25;48:05.01
Magyargencs;17:17.58;47:22.45
Magyarhertelend;18:09.22;46:11.39
Magyarhomorog;21:32.67;47:01.45
Magyarkeresztúr;17:09.98;47:31.30
Magyarkeszi;18:14.23;46:45.01
Magyarlak;16:21.25;46:57.12
Magyarlukafa;17:45.49;46:10.23
Magyarmecske;17:57.99;45:56.63
Magyarnádalja;16:32.00;47:00.90
Magyarnándor;19:21.19;47:58.02
Magyarpolány;17:32.81;47:10.10
Magyarsarlós;18:21.24;46:02.47
Magyarszecsöd;16:38.97;47:02.24
Magyarszék;18:11.86;46:11.83
Magyarszentmiklós;16:56.16;46:32.25
Magyarszerdahely;16:56.23;46:33.32
Magyarszombatfa;16:20.53;46:45.62
Magyartelek;17:59.09;45:56.64
Majosháza;18:59.77;47:15.82
Majs;18:36.09;45:54.45
Makád;18:55.91;47:05.31
Makkoshotyka;21:31.17;48:21.52
Maklár;20:24.80;47:48.47
Makó;20:28.81;46:13.23
Malomsok;17:23.40;47:27.00
Mályi;20:49.44;48:00.96
Mályinka;20:29.71;48:09.29
Mánd;22:36.22;48:00.05
Mándok;22:11.04;48:19.18
Mánfa;18:14.45;46:09.65
Mány;18:39.52;47:31.95
Maráza;18:30.88;46:04.59
Marcalgergelyi;17:16.17;47:18.75
Marcali;17:24.65;46:35.01
Marcaltö;17:21.96;47:25.98
Márfa;18:11.26;45:51.58
Máriahalom;18:42.58;47:37.65
Máriakálnok;17:19.44;47:51.53
Máriakéménd;18:27.87;46:01.63
Márianosztra;18:52.44;47:51.92
Máriapócs;22:01.46;47:52.54
Markaz;20:03.43;47:49.51
Márkháza;19:43.16;48:00.90
Márkó;17:48.82;47:07.50
Markóc;17:45.95;45:51.79
Markotabödöge;17:18.73;47:40.96
Maróc;16:40.06;46:32.85
Marócsa;17:48.99;45:54.89
Márok;18:30.62;45:52.46
Márokföld;16:26.54;46:43.07
Márokpapi;22:19.27;47:57.40
Maroslele;20:20.60;46:16.16
Mártély;20:14.43;46:28.12
Martfö;20:17.24;47:01.19
Martonfa;18:22.53;46:06.95
Martonvásár;18:47.55;47:19.09
Martonyi;20:46.14;48:28.12
Mátészalka;22:19.27;47:57.40
Mátételke;19:16.94;46:09.76
Mátraballa;20:01.40;47:58.99
Mátraderecske;20:05.20;47:56.88
Mátramindszent;19:56.13;47:58.86
Mátranovák;19:58.97;48:02.35
Mátraszele;19:53.81;48:03.29
Mátraszentimre;19:52.86;47:54.51
Mátraszölös;19:41.00;47:57.54
Mátraterenye;19:57.47;48:01.59
Mátraverebély;19:46.70;47:58.41
Mátyásdomb;18:20.94;46:55.35
Matty;18:16.07;45:47.75
Mátyus;22:17.10;48:17.00
Máza;18:23.92;46:15.96
Mecseknádasd;18:28.04;46:13.45
Mecsekpölöske;18:12.68;46:13.35
Mecsér;17:28.61;47:47.75
Medgyesbodzás;20:57.71;46:31.10
Medgyesegyháza;21:01.80;46:29.78
Medina;18:38.70;46:28.49
Megyaszó;21:03.37;48:11.29
Megyehid;16:50.61;47:12.77
Megyer;17:11.66;47:03.75
Meggyeskovácsi;16:52.26;47:09.89
Méhkerék;21:26.86;46:46.61
Méhtelek;22:53.67;47:58.02
Mekényes;18:20.12;46:23.38
Mélykút;19:22.80;46:12.80
Mencshely;17:42.05;46:56.78
Mende;19:27.64;47:26.02
Méra;21:09.23;48:21.56
Merenye;17:41.94;46:04.15
Mérges;17:26.74;47:36.04
Mérk;22:22.64;47:47.14
Mernye;17:49.52;46:30.44
Mersevát;17:12.24;47:17.43
Mesterháza;16:51.75;47:22.44
Mesteri;17:05.38;47:13.53
Mesterszállás;20:25.87;46:57.36
Meszes;20:47.81;48:26.30
Meszlen;16:42.10;47:19.87
Mesztegnyö;17:25.37;46:29.83
Mezöberény;21:01.80;46:49.45
Mezöcsát;20:54.50;47:49.39
Mezöcsokonya;17:38.63;46:25.93
Mezöd;18:06.21;46:17.34
Mezöfalva;18:46.84;46:55.96
Mezögyán;21:31.39;46:52.18
Mezöhegyes;20:49.17;46:18.95
Mezöhék;20:23.35;46:59.79
Mezökeresztes;20:41.40;47:49.53
Mezökomárom;18:17.66;46:49.71
Mezökovácsháza;20:54.78;46:24.76
Mezökövesd;20:34.52;47:48.43
Mezöladány;22:13.32;48:16.39
Mezölak;17:22.24;47:19.87
Mezönagymihály;20:43.86;47:48.40
Mezönyárád;20:40.77;47:51.69
Mezöörs;17:53.00;47:34.16
Mezöpeterd;21:37.25;47:09.93
Mezösas;21:34.12;47:06.61
Mezöszemere;20:31.17;47:44.82
Mezöszentgyörgy;18:16.99;46:59.56
Mezöszilas;18:28.78;46:48.65
Mezötárkány;20:28.67;47:43.23
Mezötúr;20:37.55;47:00.25
Mezözombor;21:15.70;48:09.02
Miháld;17:07.51;46:27.10
Mihályfa;17:11.24;46:58.83
Mihálygerge;19:38.09;48:11.79
Mihályháza;17:20.34;47:18.48
Mihályi;17:05.63;47:31.38
Mike;17:31.91;46:14.47
Mikebuda;19:36.99;47:09.51
Mikekarácsonyfa;16:42.29;46:39.57
Mikepércs;21:38.24;47:26.45
Miklósi;17:59.94;46:38.89
Mikófalva;20:19.16;48:03.37
Mikóháza;21:35.48;48:27.66
Mikosszéplak;16:58.62;47:01.93
Milejszeg;16:44.34;46:47.42
Milota;22:46.92;48:06.26
Mindszent;20:11.37;46:31.43
Mindszentgodisa;18:03.88;46:13.73
Mindszentkálla;17:33.13;46:52.43
Misefa;16:59.23;46:48.30
Miske;19:02.03;46:26.66
Miskolc;20:47.96;48:06.22
Miszla;18:28.87;46:37.90
Mocsa;18:10.82;47:40.06
Mogyoród;19:14.54;47:35.98
Mogyorósbánya;18:35.84;47:43.41
Mogyoróska;21:19.54;48:22.67
Moha;18:20.05;47:14.62
Mohács;18:41.23;45:59.54
Mohora;19:20.54;47:59.60
Molnári;16:50.02;46:23.11
Molnaszecsöd;16:40.76;47:02.68
Molvány;17:44.77;46:01.81
Monaj;20:56.28;48:18.43
Monok;21:09.08;48:12.74
Monor;19:26.86;47:21.00
Mónosbél;20:20.22;48:02.17
Monostorapáti;17:33.63;46:55.61
Monostorpályi;21:46.61;47:23.85
Monoszló;17:38.45;46:54.15
Monyoród;18:28.85;46:00.61
Mór;18:12.71;47:22.50
Mórágy;18:38.68;46:12.97
Mórahalom;19:53.14;46:13.07
Móricgát;19:40.24;46:38.01
Mórichida;17:25.12;47:30.90
Mosdós;17:59.41;46:21.26
Mosonmagyaróvár;17:16.07;47:52.30
Mosonszentmiklós;17:25.64;47:43.71
Mosonszolnok;17:10.52;47:51.12
Mozsgó;17:50.77;46:06.91
Möcsény;18:35.51;46:15.59
Mucsfa;18:25.23;46:21.36
Mucsi;18:23.63;46:25.74
Múcsony;20:40.93;48:16.25
Muhi;20:55.86;47:58.83
Murakeresztúr;16:52.73;46:21.65
Murarátka;16:40.56;46:27.49
Muraszemenye;16:38.01;46:28.63
Murga;18:29.30;46:27.65
Murony;21:02.55;46:45.72
Nábrád;22:26.79;48:00.40
Nadap;18:37.17;47:15.44
Nádasd;16:36.92;46:57.87
Nádasdladány;18:14.30;47:08.38
Nádudvar;21:09.85;47:25.62
Nágocs;17:57.59;46:39.80
Nagyacsád;17:22.34;47:21.95
Nagyalásony;17:21.41;47:13.94
Nagyar;22:33.15;48:03.61
Nagyatád;17:21.80;46:13.69
Nagybajcs;17:41.27;47:45.91
Nagybajom;17:30.65;46:23.70
Nagybakónak;17:02.61;46:33.22
Nagybánhegyes;20:54.18;46:27.59
Nagybaracska;18:54.38;46:02.75
Nagybarca;20:31.84;48:14.89
Nagybárkány;19:42.19;47:59.85
Nagyberény;18:10.39;46:47.86
Nagyberki;18:00.53;46:21.46
Nagybörzsöny;18:49.96;47:56.23
Nagybudmér;18:26.81;45:56.20
Nagycenk;16:41.81;47:36.41
Nagycsány;17:56.81;45:52.35
Nagycsécs;20:57.19;47:57.63
Nagycsepely;17:50.23;46:45.02
Nagycserkesz;21:33.24;47:57.88
Nagydém;17:40.44;47:26.39
Nagydobos;22:18.75;48:03.24
Nagydobsza;17:39.93;46:02.11
Nagydorog;18:39.58;46:37.29
Nagyecsed;22:23.38;47:51.95
Nagyér;20:43.85;46:22.19
Nagyesztergár;17:54.43;47:16.62
Nagyfüged;20:06.36;47:40.93
Nagygeresd;16:55.73;47:23.68
Nagygörbö;17:10.71;46:55.74
Nagygyimót;17:33.04;47:20.43
Nagyhajmás;18:17.50;46:22.22
Nagyhalász;21:45.26;48:08.29
Nagyharsány;18:23.80;45:50.81
Nagyhegyes;21:21.03;47:32.34
Nagyhódos;22:51.22;47:57.79
Nagyhuta;21:29.60;48:25.85
Nagyigmánd;18:04.53;47:38.33
Nagyiván;20:55.83;47:29.16
Nagykálló;21:46.13;47:42.72
Nagykamarás;21:07.09;46:28.34
Nagykanizsa;16:59.52;46:27.00
Nagykapornak;16:59.67;46:49.22
Nagykarácsony;18:46.47;46:52.18
Nagykáta;19:44.54;47:24.78
Nagykereki;21:47.83;47:11.19
Nagykeresztúr;19:42.90;48:02.40
Nagykinizs;21:02.10;48:14.11
Nagykónyi;18:12.07;46:35.74
Nagykorpád;17:27.43;46:15.54
Nagykovácsi;18:52.85;47:34.53
Nagykozár;18:19.29;46:03.99
Nagykökényes;19:36.02;47:44.06
Nagykölked;16:33.27;47:04.09
Nagykörös;19:46.96;47:01.88
Nagykörö;20:27.13;47:16.63
Nagykutas;16:48.38;46:55.61
Nagylak;20:42.71;46:10.31
Nagylengyel;16:46.00;46:46.91
Nagylóc;19:34.57;48:02.07
Nagylók;18:38.22;46:58.65
Nagylózs;16:46.35;47:33.95
Nagymágocs;20:29.37;46:35.05
Nagymányok;18:27.59;46:17.10
Nagymaros;18:57.60;47:47.44
Nagymizdó;16:39.39;46:59.47
Nagynyárád;18:34.92;45:56.68
Nagyoroszi;19:05.57;48:00.42
Nagypáli;16:50.73;46:54.62
Nagypall;18:27.47;46:08.75
Nagypeterd;17:54.02;46:02.78
Nagypirit;17:13.60;47:11.94
Nagyrábé;21:19.99;47:12.27
Nagyrada;17:06.91;46:37.18
Nagyrákos;16:27.61;46:49.98
Nagyrécse;17:03.30;46:29.34
Nagyréde;19:51.11;47:45.96
Nagyrév;20:08.90;46:56.58
Nagyrozvágy;21:55.72;48:20.27
Nagysáp;18:35.78;47:40.86
Nagysimonyi;17:03.99;47:15.88
Nagyszakácsi;17:19.25;46:29.42
Nagyszékely;18:31.83;46:38.95
Nagyszekeres;22:35.90;48:01.47
Nagyszénás;20:40.49;46:40.31
Nagyszentjános;17:52.15;47:42.57
Nagyszokoly;18:12.63;46:43.31
Nagytálya;20:24.69;47:48.99
Nagytarcsa;19:16.39;47:28.75
Nagytevel;17:34.32;47:17.71
Nagytilaj;16:57.84;46:58.78
Nagytótfalu;18:20.79;45:51.86
Nagytöke;20:17.26;46:45.43
Nagyút;20:10.48;47:43.27
Nagyvarsány;22:17.15;48:09.81
Nagyváty;17:56.01;46:03.73
Nagyvázsony;17:41.88;46:58.98
Nagyvejke;18:26.87;46:22.74
Nagyveleg;18:06.62;47:21.68
Nagyvenyim;18:54.65;46:51.12
Nagyvisnyó;20:25.62;48:08.47
Nak;18:03.29;46:29.02
Napkor;21:52.18;47:56.57
Nárai;16:33.25;47:11.60
Narda;16:27.70;47:14.17
Naszály;18:15.43;47:41.87
Négyes;20:41.11;47:42.14
Nekézseny;20:25.74;48:10.18
Nemesapáti;16:57.05;46:52.11
Nemesbikk;20:58.14;47:53.32
Nemesborzova;22:51.22;47:57.79
Nemesböd;16:44.14;47:16.15
Nemesbük;17:08.72;46:49.51
Nemescsó;16:37.03;47:21.02
Nemesdéd;17:14.59;46:26.07
Nemesgörzsöny;17:21.82;47:23.80
Nemesgulács;17:29.08;46:50.12
Nemeshany;17:22.14;47:04.21
Nemeshetés;16:54.84;46:48.03
Nemeske;17:42.98;46:01.26
Nemeskér;16:48.26;47:29.05
Nemeskeresztúr;17:11.63;47:05.54
Nemeskisfalud;17:22.02;46:26.43
Nemeskocs;17:11.33;47:12.09
Nemeskolta;16:38.30;47:04.58
Nemesládony;16:53.32;47:24.10
Nemesmedves;16:24.15;46:59.82
Nemesnádudvar;19:03.18;46:20.41
Nemesnép;16:27.57;46:42.08
Nemespátró;17:00.28;46:19.51
Nemesrádó;16:59.78;46:46.71
Nemesrempehollós;16:41.03;47:05.66
Nemessándorháza;16:57.11;46:47.18
Nemesvámos;17:52.34;47:03.23
Nemesvid;17:15.18;46:29.42
Nemesvita;17:22.10;46:49.39
Nemesszalók;17:18.01;47:16.62
Nemesszentandrás;16:56.73;46:46.49
Németbánya;17:38.71;47:13.05
Németfalu;16:41.29;46:48.99
Németkér;18:45.87;46:43.10
Nemti;19:53.99;48:00.45
Neszmély;18:21.52;47:44.15
Nézsa;19:17.78;47:50.72
Nick;17:01.20;47:24.16
Nikla;17:30.87;46:34.83
Nógrád;19:03.06;47:54.30
Nógrádkövesd;19:22.38;47:52.74
Nógrádmarcal;19:23.28;48:01.61
Nógrádmegyer;19:37.59;48:04.12
Nógrádsáp;19:21.35;47:50.40
Nógrádsipek;19:30.17;48:00.50
Nógrádszakál;19:31.68;48:10.97
Nóráp;17:27.61;47:16.33
Noszlop;17:27.57;47:10.95
Noszvaj;20:28.62;47:56.18
Nova;16:40.81;46:41.24
Novaj;20:29.00;47:51.45
Novajidrány;21:10.07;48:23.81
Nötincs;19:08.39;47:53.01
Nyalka;17:48.61;47:32.55
Nyárád;17:21.79;47:16.99
Nyáregyháza;19:30.12;47:15.68
Nyárlörinc;19:52.59;46:51.58
Nyársapát;19:48.11;47:06.02
Nyékládháza;20:50.47;47:59.65
Nyergesújfalu;18:32.74;47:45.39
Nyésta;20:57.12;48:22.31
Nyim;18:06.46;46:48.15
Nyírábrány;22:01.07;47:32.82
Nyíracsád;21:58.47;47:36.11
Nyirád;17:27.06;47:00.25
Nyíradony;21:54.43;47:41.48
Nyírbátor;22:07.77;47:50.23
Nyírbéltek;22:07.71;47:41.89
Nyírbogát;22:03.80;47:48.11
Nyírbogdány;21:52.35;48:03.43
Nyírcsaholy;22:20.24;47:54.24
Nyírcsászári;22:10.47;47:52.11
Nyírderzs;22:09.77;47:53.92
Nyíregyháza;21:28.34;48:07.45
Nyírgelse;21:58.68;47:45.78
Nyírgyulaj;22:05.49;47:53.17
Nyíri;21:26.67;48:29.94
Nyíribrony;21:57.83;48:01.03
Nyírjákó;22:04.59;48:01.88
Nyírkarász;22:05.93;48:05.81
Nyírkáta;22:14.68;47:51.93
Nyírkércs;22:02.88;48:00.84
Nyírlövö;22:11.33;48:12.25
Nyírlugos;22:02.45;47:41.67
Nyírmada;22:11.94;48:03.83
Nyírmártonfalva;21:54.31;47:35.18
Nyírmeggyes;22:15.91;47:54.83
Nyírmihálydi;21:58.06;47:44.05
Nyírparasznya;22:16.05;48:01.41
Nyírpazony;21:47.90;47:58.87
Nyírpilis;22:11.49;47:46.97
Nyírtass;22:01.55;48:06.88
Nyírtelek;21:21.02;48:02.55
Nyírtét;21:55.47;48:00.27
Nyírtura;21:49.86;48:00.90
Nyírvasvári;22:11.25;47:49.26
Nyomár;20:49.28;48:16.58
Nyögér;16:56.25;47:10.91
Nyugotszenterzsébet;17:54.65;46:04.57
Nyúl;17:41.29;47:35.10
Óbánya;18:24.48;46:13.32
Óbarok;18:33.99;47:29.69
Óbudavár;17:41.50;46:56.28
Ócsa;19:13.95;47:17.84
Ócsárd;18:09.29;45:55.97
Ófalu;18:32.03;46:13.22
Ófehértó;22:02.82;47:56.05
Óföldeák;20:26.33;46:17.92
Óhid;17:10.35;46:57.74
Okány;21:21.01;46:53.95
Okorág;17:52.67;45:55.59
Okorvölgy;18:03.73;46:09.10
Olasz;18:24.95;46:00.65
Olaszfa;16:53.12;47:00.94
Olaszfalu;17:54.71;47:14.59
Olaszliszka;21:25.84;48:14.60
Olcsva;22:19.82;48:05.26
Olcsvaapáti;22:21.08;48:05.34
Old;18:21.31;45:47.36
Ólmod;16:35.40;47:24.86
Oltárc;16:50.10;46:31.80
Onga;20:54.53;48:07.26
Ónod;20:54.98;48:00.14
Ópályi;22:19.23;47:59.81
Ópusztaszer;20:03.98;46:29.82
Orbányosfa;16:59.02;46:51.12
Orci;17:52.46;46:24.36
Ordacsehi;17:37.40;46:44.46
Ordas;18:56.88;46:38.23
Orfalu;16:16.16;46:52.81
Orfö;18:09.42;46:08.22
Orgovány;19:28.52;46:45.05
Ormándlak;16:45.24;46:45.60
Ormosbánya;20:39.07;48:19.95
Orosháza;20:40.34;46:33.86
Oroszi;17:25.02;47:09.32
Oroszlány;18:18.92;47:29.20
Oroszló;18:07.43;46:13.14
Orosztony;17:03.68;46:37.52
Ortaháza;16:40.93;46:37.39
Osli;17:04.49;47:38.43
Ostffyasszonyfa;17:02.64;47:19.72
Ostoros;20:26.02;47:51.91
Oszkó;16:52.56;47:02.80
Oszlár;21:02.04;47:52.47
Osztopán;17:40.26;46:31.20
Ózd;20:17.66;48:13.30
Ózdfalu;18:01.43;45:55.77
Ozmánbük;16:40.52;46:55.29
Ozora;18:24.00;46:45.11
Öcs;17:36.79;47:00.07
öcsény;18:45.53;46:18.85
Öcsöd;20:23.54;46:54.16
Ököritófülpös;22:30.57;47:55.13
Ölbö;16:51.79;47:18.01
Ömböly;22:11.49;47:46.97
ör;22:11.25;47:58.48
örbottyán;19:17.11;47:41.21
Öregcsertö;19:06.72;46:30.92
Öreglak;17:37.78;46:36.39
örhalom;19:24.31;48:04.58
örimagyarósd;16:32.22;46:53.34
öriszentpéter;16:25.33;46:50.70
Örkény;19:25.94;47:07.75
Örményes;20:34.84;47:11.59
Örménykút;20:44.29;46:49.87
örtilos;16:55.62;46:16.93
Örvényes;17:48.93;46:54.87
ösagárd;19:11.61;47:51.54
ösi;18:11.42;47:09.24
Öskü;18:04.57;47:09.97
Öttevény;17:29.43;47:43.51
Öttömös;19:40.96;46:16.88
Ötvöskónyi;17:21.76;46:17.22
Pácin;21:50.15;48:19.74
Pacsa;17:00.79;46:43.18
Pácsony;16:51.44;47:01.01
Padár;17:01.04;46:51.14
Páhi;19:23.36;46:42.79
Páka;16:39.00;46:35.49
Pakod;17:00.27;46:57.50
Pákozd;18:32.64;47:12.98
Paks;18:51.33;46:37.68
Palé;18:03.89;46:15.68
Pálfa;18:36.53;46:42.83
Pálfiszeg;16:43.84;46:46.89
Pálháza;21:30.68;48:28.31
Páli;17:10.16;47:28.54
Palkonya;18:23.56;45:53.76
Pálmajor;17:34.23;46:22.93
Pálmonostora;19:56.74;46:37.64
Palotabozsok;18:38.64;46:07.64
Palotás;19:35.83;47:47.73
Paloznak;17:56.46;46:59.05
Pamlény;20:55.84;48:29.63
Pamuk;17:38.37;46:33.11
Pánd;19:38.23;47:21.07
Pankasz;16:30.08;46:50.36
Pannonhalma;17:45.08;47:33.02
Pányok;21:21.02;48:31.74
Panyola;22:23.84;48:02.61
Pap;22:08.60;48:13.08
Pápa;17:28.22;47:19.69
Pápadereske;17:24.08;47:17.62
Pápakovácsi;17:29.37;47:15.90
Pápasalamon;17:25.35;47:13.83
Pápateszér;17:42.09;47:22.92
Papkeszi;18:05.07;47:05.38
Pápoc;17:08.11;47:24.80
Papos;22:14.97;47:59.10
Páprád;18:00.70;45:53.62
Parád;20:01.90;47:55.42
Parádsasvár;19:58.75;47:54.73
Parasznya;20:38.57;48:10.13
Paszab;21:29.79;48:10.46
Pásztó;19:41.83;47:55.20
Pásztori;17:16.42;47:33.36
Pat;17:11.08;46:26.30
Patak;19:08.99;48:01.26
Patalom;17:55.32;46:26.96
Patapoklosi;17:45.12;46:04.43
Patca;17:43.52;46:17.07
Pátka;18:29.63;47:16.63
Patosfa;17:40.09;46:07.70
Pátroha;21:59.84;48:10.58
Patvarc;19:20.82;48:04.02
Páty;18:49.69;47:30.99
Pátyod;22:36.74;47:52.16
Pázmánd;18:39.23;47:17.34
Pázmándfalu;17:47.17;47:34.17
Pécel;19:20.66;47:29.26
Pecöl;16:49.33;47:12.21
Pécs;18:14.85;46:04.81
Pécsbagota;18:04.51;45:59.48
Pécsdevecser;18:23.15;45:57.49
Pécsely;17:47.13;46:57.34
Pécsudvard;18:16.74;46:00.63
Pécsvárad;18:25.29;46:09.58
Pellérd;18:09.35;46:02.04
Pély;20:20.65;47:29.42
Penc;19:15.05;47:48.21
Penészlek;22:09.04;47:38.28
Pénzesgyör;17:47.32;47:13.90
Penyige;22:33.96;47:59.83
Pér;17:48.26;47:36.78
Perbál;18:45.55;47:35.45
Pere;21:07.41;48:17.06
Perecse;20:59.27;48:30.15
Pereked;18:22.72;46:05.64
Perenye;16:34.58;47:17.59
Peresznye;16:39.15;47:25.48
Pereszteg;16:43.98;47:35.62
Perkáta;18:47.52;47:02.93
Perkupa;20:41.34;48:28.39
Peröcsény;18:52.04;47:59.74
Peterd;18:21.75;45:58.34
Péterhida;17:21.67;46:00.50
Péteri;19:24.50;47:23.29
Pétervására;20:05.98;48:01.17
Pétfürdö;18:07.24;47:09.62
Pethöhenye;16:55.01;46:52.64
Petneháza;22:04.91;48:03.33
Petöfibánya;19:42.14;47:45.99
Petöfiszállás;19:51.72;46:37.33
Petöháza;16:53.84;47:35.96
Petömihályfa;16:47.23;46:58.96
Petrikeresztúr;16:43.44;46:44.29
Petrivente;16:50.53;46:26.35
Pettend;17:42.19;46:00.01
Piliny;19:36.10;48:08.29
Pilis;19:32.73;47:17.05
Pilisborosjenö;18:59.58;47:36.44
Piliscsaba;18:49.80;47:38.02
Piliscsév;18:49.21;47:40.53
Pilisjászfalu;18:47.59;47:39.41
Pilismarót;18:52.54;47:47.06
Pilisvörösvár;18:54.63;47:37.15
Pilisszántó;18:53.22;47:40.11
Pilisszentiván;18:53.69;47:36.70
Pilisszentkereszt;18:54.18;47:41.63
Pilisszentlászló;18:59.26;47:43.38
Pincehely;18:26.32;46:40.80
Pinkamindszent;16:29.00;47:02.34
Pinnye;16:46.10;47:35.25
Piricse;22:08.78;47:46.13
Pirtó;19:26.00;46:30.89
Piskó;17:56.35;45:48.63
Pitvaros;20:44.36;46:19.22
Pócsa;18:28.44;45:54.60
Pocsaj;21:49.06;47:17.05
Pócsmegyer;19:05.84;47:43.02
Pócspetri;21:59.63;47:52.94
Pogány;18:15.76;45:58.82
Pogányszentpéter;17:03.73;46:23.06
Pókaszepetk;16:58.19;46:55.46
Polány;17:46.51;46:33.57
Polgár;21:06.81;47:52.08
Polgárdi;18:18.15;47:03.64
Pomáz;19:01.97;47:38.59
Porcsalma;22:34.13;47:52.76
Pornóapáti;16:28.11;47:09.37
Poroszló;20:39.29;47:38.77
Porpác;16:48.20;47:14.44
Porrog;17:02.11;46:17.41
Porrogszentkirály;17:02.43;46:16.46
Porrogszentpál;17:01.01;46:17.16
Pórszombat;16:34.65;46:43.75
Porva;17:48.94;47:18.65
Pósfa;16:51.30;47:19.77
Potony;17:39.18;45:55.89
Potyond;17:10.96;47:33.03
Pölöske;16:55.50;46:45.11
Pölöskefö;16:56.87;46:36.19
Pörböly;18:48.79;46:12.37
Pördefölde;16:42.54;46:35.27
Pötréte;16:57.15;46:40.79
Prügy;21:14.76;48:05.02
Pula;17:38.77;46:59.85
Pusztaapáti;16:36.67;46:45.80
Pusztaberki;19:10.06;47:58.65
Pusztacsalád;16:54.24;47:29.15
Pusztacsó;17:00.31;47:20.11
Pusztadobos;22:13.73;48:03.54
Pusztaederics;16:48.01;46:38.42
Pusztafalu;21:29.32;48:32.77
Pusztaföldvár;20:48.41;46:31.88
Pusztahencse;18:43.28;46:35.56
Pusztakovácsi;17:34.34;46:32.65
Pusztamagyaród;16:49.71;46:36.13
Pusztamérges;19:41.21;46:19.66
Pusztamiske;17:26.99;47:03.74
Pusztamonostor;19:47.77;47:33.45
Pusztaottlaka;21:00.50;46:32.37
Pusztaradvány;21:08.10;48:28.14
Pusztaszabolcs;18:45.83;47:08.49
Pusztaszemes;17:55.43;46:46.17
Pusztaszentlászló;16:50.59;46:38.30
Pusztaszer;19:59.38;46:33.02
Pusztavacs;19:30.14;47:10.35
Pusztavám;18:13.69;47:25.82
Pusztazámor;18:47.09;47:24.25
Putnok;20:26.18;48:17.45
Püski;17:24.46;47:53.12
Püspökhatvan;19:22.02;47:46.55
Püspökladány;21:10.38;47:17.02
Püspökmolnári;16:47.58;47:05.43
Püspökszilágy;19:19.18;47:44.38
Rábacsanak;17:17.48;47:31.60
Rábacsécsény;17:25.43;47:35.30
Rábagyarmat;16:25.28;46:56.53
Rábahidvég;16:44.76;47:04.30
Rábakecöl;17:06.92;47:26.01
Rábapatona;17:28.96;47:37.77
Rábapaty;16:55.83;47:18.35
Rábapordány;17:19.79;47:33.60
Rábasebes;17:14.62;47:26.46
Rábaszentandrás;17:19.80;47:27.59
Rábaszentmihály;17:26.07;47:34.69
Rábaszentmiklós;17:25.15;47:32.37
Rábatamási;17:10.31;47:35.30
Rábatöttös;16:48.60;47:07.88
Rábcakapi;17:16.59;47:42.50
Rácalmás;18:56.60;47:01.51
Ráckeresztúr;18:49.76;47:16.60
Ráckeve;18:56.69;47:09.50
Rád;19:13.31;47:47.60
Rádfalva;18:07.65;45:51.62
Rádóckölked;16:35.47;47:04.68
Radostyán;20:39.19;48:10.76
Ragály;20:31.21;48:24.39
Rajka;17:11.86;47:59.81
Rakaca;20:53.27;48:27.77
Rakacaszend;20:50.28;48:27.75
Rakamaz;21:28.06;48:07.43
Rákóczifalva;20:13.69;47:05.58
Rákocziújfalu;20:15.98;47:03.67
Ráksi;17:55.40;46:30.92
Ramocsa;16:26.80;46:46.61
Ramocsaháza;21:59.15;48:02.48
Rápolt;22:52.83;48:03.35
Raposka;17:25.59;46:50.92
Rásonysápberencs;20:59.96;48:18.57
Rátka;21:13.84;48:12.86
Rátót;16:25.79;46:57.94
Ravazd;17:45.16;47:30.78
Recsk;20:06.63;47:55.95
Réde;17:54.96;47:25.67
Rédics;16:28.68;46:36.98
Regéc;21:20.20;48:23.64
Regenye;18:10.24;45:58.20
Regöly;18:23.38;46:34.70
Rém;19:08.62;46:14.83
Répáshuta;20:31.70;48:02.90
Répcelak;17:01.05;47:25.27
Répceszemere;16:58.48;47:25.61
Répceszentgyörgy;16:50.88;47:21.05
Répcevis;16:40.47;47:26.47
Resznek;16:28.49;46:39.80
Rétalap;17:54.39;47:36.53
Rétközberencs;22:00.49;48:12.22
Rétság;19:08.32;47:55.76
Révfülöp;17:37.69;46:49.70
Révleányvár;22:02.53;48:19.42
Rezi;17:13.26;46:50.54
Ricse;21:58.29;48:19.55
Rigács;17:13.00;47:03.90
Rigyác;16:51.84;46:28.05
Rimóc;19:31.73;48:02.21
Rinyabesenyö;17:31.25;46:10.01
Rinyakovácsi;17:35.91;46:16.99
Rinyaszentkirály;17:23.64;46:09.09
Rinyaújlak;17:25.29;46:05.05
Rinyaújnép;17:21.26;46:04.87
Rohod;22:08.04;48:01.70
Románd;17:54.66;47:05.49
Romhány;19:15.94;47:55.37
Romonya;18:20.42;46:05.26
Rózsafa;17:53.45;46:01.35
Rozsály;22:48.06;47:55.44
Rózsaszentmárton;19:44.49;47:47.14
Röjtökmuzsaj;16:50.14;47:33.40
Rönök;16:21.16;46:58.81
Röszke;20:02.18;46:11.18
Rudabánya;20:37.23;48:22.57
Rudolftelep;20:40.36;48:18.64
Rum;16:50.73;47:07.70
Ruzsa;19:44.91;46:17.35
Ságújfalu;19:40.72;48:06.37
Ságvár;18:06.18;46:50.21
Sajóbábony;20:43.93;48:10.29
Sajóecseg;20:46.53;48:11.45
Sajógalgóc;20:31.91;48:17.64
Sajóhidvég;20:56.94;48:00.21
Sajóivánka;20:34.75;48:15.97
Sajókápolna;20:41.19;48:11.75
Sajókaza;20:35.14;48:17.20
Sajókeresztúr;20:46.55;48:10.08
Sajólád;20:54.22;48:02.46
Sajólászlófalva;20:40.60;48:11.04
Sajómercse;20:24.92;48:14.88
Sajónémeti;20:22.95;48:16.25
Sajóörös;21:01.30;47:57.25
Sajópálfala;20:50.76;48:09.82
Sajópetri;20:53.35;48:02.16
Sajópüspöki;20:20.57;48:16.85
Sajósenye;20:49.25;48:11.79
Sajószentpéter;20:42.72;48:13.10
Sajószöged;20:57.13;47:59.00
Sajóvámos;20:49.97;48:10.89
Sajóvelezd;20:27.78;48:16.37
Sajtoskál;16:51.29;47:24.22
Salföld;17:32.94;46:50.11
Salgótarján;19:48.88;48:06.66
Salköveskút;16:41.72;47:17.90
Salomvár;16:39.68;46:51.05
Sály;20:39.80;47:57.02
Sámod;18:02.42;45:51.22
Sámsonháza;19:43.27;47:59.22
Sand;17:07.60;46:25.33
Sándorfalva;20:06.36;46:21.80
Sántos;17:52.98;46:20.79
Sáp;21:21.50;47:15.28
Sáránd;21:37.80;47:24.36
Sárazsadány;21:30.05;48:16.31
Sárbogárd;18:37.35;46:53.22
Sáregres;18:35.71;46:46.83
Sárfimizdó;16:43.00;46:56.63
Sárhida;16:50.58;46:45.42
Sárisáp;18:40.60;47:40.15
Sarkad;21:22.62;46:44.34
Sarkadkeresztúr;21:22.98;46:48.71
Sárkeresztes;18:21.38;47:15.18
Sárkeresztúr;18:33.21;47:00.16
Sárkeszi;18:17.19;47:09.53
Sármellék;17:10.22;46:42.75
Sárok;18:36.87;45:50.48
Sárosd;18:39.12;47:02.50
Sárospatak;21:39.38;48:23.70
Sárpilis;18:44.57;46:14.93
Sárrétudvari;21:14.43;47:12.06
Sarród;16:51.67;47:38.07
Sárszentágota;18:34.06;46:58.24
Sárszentlörinc;18:36.45;46:37.54
Sárszentmihály;18:21.38;47:15.18
Sarud;20:35.69;47:35.38
Sárvár;16:55.85;47:15.26
Sásd;18:06.40;46:15.24
Sáska;17:28.66;46:56.19
Sáta;20:23.77;48:11.10
Sátoraljaújhely;21:39.34;48:23.80
Sátorhely;18:38.07;45:56.43
Sávoly;17:16.14;46:35.57
Sé;16:33.37;47:14.58
Segesd;17:21.02;46:20.64
Selyeb;20:57.28;48:20.33
Sellye;17:51.18;45:52.39
Semjén;21:58.38;48:21.04
Semjénháza;16:50.89;46:23.87
Sénye;17:08.10;46:53.72
Sényö;21:52.55;48:00.07
Seregélyes;18:34.80;47:06.77
Serényfalva;20:23.27;48:18.60
Sérsekszölös;18:00.99;46:45.93
Sikátor;17:51.11;47:26.10
Siklós;18:18.08;45:51.45
Siklósbodony;18:07.40;45:54.62
Siklósnagyfalu;18:21.98;45:49.18
Sima;21:18.23;48:17.93
Simaság;16:50.44;47:25.71
Simonfa;17:49.57;46:17.01
Simontornya;18:32.73;46:45.46
Sióagárd;18:39.37;46:23.55
Siófok;18:03.92;46:54.54
Siójut;18:08.29;46:52.73
Sirok;20:11.93;47:55.78
Sitke;17:01.52;47:14.62
Sobor;17:22.48;47:28.65
Sokorópátka;17:41.71;47:29.51
Solt;19:00.16;46:48.12
Soltszentimre;19:17.03;46:46.36
Soltvadkert;19:23.63;46:34.74
Sóly;18:01.96;47:07.79
Solymár;18:55.83;47:35.47
Som;18:08.56;46:48.27
Somberek;18:39.77;46:04.79
Somlójenö;17:21.28;47:07.47
Somlószölös;17:21.47;47:10.40
Somlóvásárhely;17:22.76;47:07.21
Somlóvecse;17:21.14;47:11.66
Somodor;17:50.62;46:28.49
Somogyacsa;17:57.34;46:35.44
Somogyapáti;17:45.08;46:05.50
Somogyaracs;17:23.51;46:03.23
Somogyaszaló;17:48.42;46:27.32
Somogybabod;17:46.54;46:40.71
Somogybükkösd;16:59.57;46:18.16
Somogycsicsó;17:08.06;46:18.54
Somogydöröcske;18:00.42;46:35.27
Somogyegres;18:01.71;46:40.59
Somogyfajsz;17:34.18;46:30.38
Somogygeszti;17:46.90;46:31.35
Somogyhárságy;17:46.44;46:09.64
Somogyhatvan;17:42.93;46:06.76
Somogyjád;17:43.08;46:29.47
Somogymeggyes;17:54.73;46:43.01
Somogysámson;17:18.00;46:35.48
Somogysárd;17:35.84;46:24.78
Somogysimonyi;17:12.59;46:29.26
Somogyszentpál;17:28.68;46:38.40
Somogyszil;18:00.11;46:30.89
Somogyszob;17:17.90;46:17.53
Somogytúr;17:46.00;46:42.48
Somogyudvarhely;17:11.41;46:10.53
Somogyvámos;17:41.12;46:34.19
Somogyvár;17:39.05;46:34.92
Somogyviszló;17:46.03;46:06.90
Somogyzsitfa;17:17.74;46:33.35
Sonkád;22:35.41;47:56.99
Soponya;18:27.37;47:00.70
Sopron;16:34.79;47:41.01
Sopronhorpács;16:44.16;47:29.01
Sopronkövesd;16:44.51;47:32.82
Sopronnémeti;17:12.50;47:32.28
Sorkifalud;16:44.30;47:08.11
Sorkikápolna;16:42.41;47:08.33
Sormás;16:55.05;46:27.54
Sorokpolány;16:40.31;47:08.14
Sóshartyán;19:41.06;48:04.35
Sóskút;18:49.85;47:24.33
Sóstófalva;20:59.36;48:09.38
Sósvertike;17:51.85;45:50.11
Sótony;16:56.97;47:11.86
Söjtör;16:51.52;46:40.23
Söpte;16:39.18;47:17.02
Söréd;18:16.78;47:19.37
Sukoró;18:35.99;47:14.40
Sumony;17:55.08;45:58.14
Súr;18:01.73;47:21.98
Surd;16:58.31;46:19.27
Sükösd;18:59.83;46:17.09
Sülysáp;19:32.29;47:27.02
Sümeg;17:17.07;46:58.71
Sümegcsehi;17:13.07;46:56.66
Sümegprága;17:16.76;46:56.54
Süttö;18:26.75;47:45.34
Szabadbattyán;18:22.00;47:07.00
Szabadegyháza;18:41.52;47:04.59
Szabadhidvég;18:16.92;46:49.39
Szabadi;18:02.00;46:22.02
Szabadkígyós;21:04.56;46:36.11
Szabadszállás;19:13.30;46:52.58
Szabadszentkirály;18:02.64;46:00.53
Szabás;17:26.96;46:17.23
Szabolcs;21:29.79;48:10.46
Szabolcsbáka;22:08.71;48:09.34
Szabolcsveresmart;22:01.20;48:17.34
Szada;19:18.73;47:38.12
Szágy;17:56.55;46:13.40
Szajk;18:32.15;45:59.53
Szajla;20:08.46;47:57.72
Szajol;20:18.26;47:10.67
Szakácsi;20:51.76;48:22.93
Szakadát;18:28.35;46:32.38
Szakáld;20:54.43;47:56.61
Szakály;18:22.79;46:31.40
Szakcs;18:06.61;46:32.51
Szakmár;19:04.62;46:33.34
Szaknyér;16:31.71;46:51.86
Szakoly;21:54.08;47:45.68
Szakony;16:42.95;47:25.60
Szakonyfalu;16:13.71;46:55.45
Szákszend;18:10.40;47:32.87
Szalafö;16:21.72;46:51.89
Szalánta;18:14.71;45:56.94
Szalapa;17:08.78;46:59.60
Szalaszend;21:07.66;48:23.11
Szalatnak;18:16.92;46:17.35
Szálka;18:38.02;46:16.96
Szalkszentmárton;19:00.82;46:58.61
Szalmatercs;19:38.23;48:07.42
Szalonna;20:44.43;48:27.06
Szamosangyalos;22:39.11;47:52.42
Szamosbecs;22:41.46;47:51.59
Szamoskér;22:25.02;48:01.02
Szamossályi;22:37.77;47:54.29
Szamostatárfalva;22:40.11;47:52.62
Szamosújlak;22:35.24;47:55.04
Szamosszeg;22:22.10;48:02.52
Szanda;19:26.55;47:55.74
Szank;19:40.19;46:33.28
Szántód;17:54.36;46:52.13
Szany;17:18.19;47:27.83
Szápár;18:02.35;47:19.14
Szaporca;18:06.33;45:48.89
Szár;18:31.18;47:28.59
Szárász;18:22.45;46:20.88
Szárazd;18:25.52;46:34.37
Szárföld;17:07.36;47:35.58
Szárliget;18:29.71;47:31.10
Szarvas;20:33.35;46:51.94
Szarvasgede;19:38.56;47:49.24
Szarvaskend;16:40.71;46:59.40
Szászberek;20:06.28;47:19.01
Szászfa;20:56.59;48:28.26
Szászvár;18:22.74;46:16.46
Szatmárcseke;22:37.79;48:05.21
Szátok;19:14.23;47:57.37
Szatta;16:28.88;46:47.94
Szatymaz;20:02.62;46:20.57
Szava;18:10.65;45:54.17
Százhalombatta;18:54.79;47:18.30
Szebény;18:35.40;46:07.86
Szécsénke;19:20.07;47:54.31
Szécsény;19:31.20;48:04.71
Szécsényfelfalu;19:34.16;48:08.74
Szécsisziget;16:35.63;46:34.44
Szederkény;18:27.31;45:59.91
Szedres;18:41.06;46:28.61
Szeged;20:09.77;46:14.95
Szegerdö;17:16.61;46:38.03
Szeghalom;21:10.64;47:01.33
Szegi;21:22.93;48:11.80
Szegilong;21:23.93;48:13.03
Szegvár;20:13.53;46:34.99
Székely;21:56.54;48:03.51
Székelyszabar;18:36.26;46:02.79
Székesfehérvár;18:19.59;47:17.45
Székkutas;20:32.39;46:30.37
Szekszárd;18:42.22;46:21.14
Szeleste;16:49.83;47:18.67
Szelevény;20:12.09;46:48.07
Szellö;18:27.87;46:04.45
Szemely;18:19.75;46:00.47
Szemenye;16:54.50;47:06.16
Szemere;21:21.98;48:21.16
Szendehely;19:06.32;47:51.37
Szendrö;20:44.01;48:24.04
Szendrölád;20:44.79;48:20.44
Szenna;17:43.95;46:18.47
Szenta;17:10.34;46:15.10
Szentantalfa;17:40.42;46:54.81
Szentbalázs;17:53.81;46:19.25
Szentbékkálla;17:33.84;46:53.31
Szentborbás;17:39.65;45:52.42
Szentdénes;17:55.78;46:00.46
Szentdomonkos;20:12.18;48:04.22
Szente;19:17.30;47:58.17
Szentegát;17:49.61;45:58.53
Szentendre;19:03.81;47:40.98
Szentes;20:15.71;46:39.38
Szentgál;17:44.03;47:06.82
Szentgáloskér;17:53.08;46:30.21
Szentgotthárd;16:16.57;46:57.06
Szentgyörgyvár;17:07.95;46:45.53
Szentgyörgyvölgy;16:24.57;46:43.54
Szentimrefalva;17:16.86;47:04.63
Szentistván;20:38.31;47:46.60
Szentistvánbaksa;21:01.77;48:13.39
Szentjakabfa;17:40.61;46:56.06
Szentkatalin;18:03.22;46:10.62
Szentkirály;19:55.09;46:55.17
Szentkirályszabadja;17:58.28;47:03.52
Szentkozmadombja;16:45.80;46:40.79
Szentlászló;17:50.19;46:09.30
Szentliszló;16:49.45;46:34.80
Szentlörinc;17:59.39;46:02.37
Szentlörinckáta;19:45.29;47:31.13
Szentmargitfalva;16:39.70;46:29.72
Szentmártonkáta;19:41.57;47:26.73
Szentpéterfa;16:29.15;47:05.61
Szentpéterfölde;16:45.64;46:37.02
Szentpéterszeg;21:37.05;47:14.06
Szentpéterúr;17:02.39;46:45.49
Szenyér;17:22.26;46:27.82
Szepetnek;16:54.12;46:25.95
Szerecseny;17:33.15;47:27.79
Szeremle;18:52.80;46:08.56
Szerencs;21:11.92;48:09.76
Szerep;21:11.62;47:11.52
Szergény;17:16.19;47:19.86
Szigetbecse;18:56.97;47:07.80
Szigetcsép;18:57.83;47:16.09
Szigethalom;19:00.60;47:19.28
Szigetmonostor;19:06.36;47:41.24
Szigetszentmárton;18:57.57;47:13.73
Szigetszentmiklós;19:02.48;47:20.38
Szigetújfalu;18:55.72;47:14.02
Szigetvár;17:47.87;46:02.89
Szigliget;17:26.10;46:47.74
Szihalom;20:29.14;47:46.37
Szijártóháza;16:26.30;46:38.04
Szikszó;20:55.78;48:11.74
Szil;17:14.14;47:29.87
Szilágy;18:24.47;46:06.19
Szilaspogony;20:01.37;48:07.05
Szilsárkány;17:15.46;47:32.36
Szilvágy;16:37.61;46:44.02
Szilvás;18:12.11;45:57.66
Szilvásvárad;20:23.27;48:06.16
Szilvásszentmárton;17:43.42;46:16.12
Szin;20:39.87;48:29.88
Szinpetri;20:37.65;48:29.17
Szirák;19:31.97;47:49.81
Szirmabesenyö;20:47.88;48:09.16
Szob;18:52.05;47:49.11
Szokolya;19:00.23;47:52.09
Szólád;17:50.56;46:47.19
Szolnok;20:11.25;47:10.76
Szombathely;16:37.22;47:14.01
Szomód;18:20.21;47:40.85
Szomolya;20:29.72;47:53.48
Szomor;18:39.93;47:35.56
Szorosad;18:01.50;46:36.17
Szöc;17:30.93;47:01.25
Szöce;16:34.22;46:53.21
Szöd;19:10.84;47:43.22
Szödliget;19:09.16;47:43.90
Szögliget;20:40.85;48:31.38
Szöke;18:11.30;45:57.59
Szökéd;18:17.41;45:57.94
Szökedencs;17:14.95;46:33.60
Szölösardó;20:37.67;48:26.61
Szölösgyörök;17:40.57;46:42.52
Szörény;17:41.05;45:58.13
Szúcs;20:14.94;48:02.84
Szuha;19:54.93;47:58.50
Szuhafö;20:27.14;48:24.60
Szuhakálló;20:39.29;48:16.94
Szuhogy;20:40.63;48:23.15
Szulimán;17:48.33;46:07.61
Szulok;17:33.15;46:03.04
Szurdokpüspöki;19:41.72;47:51.51
Szöcsi;19:45.94;47:48.20
Szügy;19:19.80;48:02.31
Ször;18:34.93;46:05.98
Tab;18:02.10;46:43.90
Tabajd;18:38.14;47:24.07
Tabdi;19:18.56;46:41.13
Táborfalva;19:28.93;47:06.02
Tác;18:24.06;47:04.97
Tagyon;17:40.89;46:54.21
Tahitótfalu;19:05.49;47:45.19
Takácsi;17:28.16;47:23.98
Tákos;22:25.59;48:09.25
Taksony;19:04.14;47:19.73
Taktabáj;21:18.72;48:03.83
Taktaharkány;21:07.80;48:05.35
Taktakenéz;21:13.12;48:03.03
Taktaszada;21:10.45;48:06.55
Taliándörögd;17:34.24;46:58.68
Tállya;21:13.71;48:14.12
Tamási;18:17.15;46:38.21
Tanakajd;16:44.19;47:11.54
Táp;17:49.85;47:31.03
Tápióbicske;19:41.37;47:21.69
Tápiógyörgye;19:57.02;47:20.20
Tápióság;19:37.77;47:24.10
Tápiószecsö;19:36.56;47:26.97
Tápiószele;19:52.90;47:20.03
Tápiószentmárton;19:44.96;47:20.31
Tápiószölös;19:50.64;47:17.90
Táplánszentkereszt;16:42.12;47:11.84
Tapolca;17:26.39;46:53.14
Tapsony;17:20.21;46:27.28
Tápszentmiklós;17:51.22;47:29.68
Tar;19:44.70;47:57.11
Tarany;17:18.60;46:10.83
Tarcal;21:20.67;48:07.90
Tard;20:35.86;47:52.88
Tardona;20:31.92;48:10.21
Tardos;18:26.70;47:39.54
Tarhos;21:12.83;46:48.65
Tarján;18:30.70;47:36.66
Tarjánpuszta;17:47.40;47:30.35
Tárkány;18:00.17;47:35.42
Tarnabod;20:13.60;47:41.06
Tarnalelesz;20:10.96;48:03.54
Tarnaméra;20:09.38;47:39.25
Tarnaörs;20:03.35;47:35.87
Tarnaszentmária;20:12.17;47:52.72
Tarnaszentmiklós;20:23.10;47:31.58
Tarnazsadány;20:09.39;47:40.53
Tárnok;18:50.79;47:22.46
Tárnokréti;17:18.57;47:43.32
Tarpa;22:31.80;48:06.36
Tarrós;18:08.66;46:16.90
Táska;17:31.42;46:37.02
Tass;19:01.81;47:00.98
Taszár;17:54.47;46:22.37
Tát;18:38.62;47:44.27
Tata;18:19.94;47:38.65
Tatabánya;18:24.53;47:34.04
Tataháza;19:18.10;46:10.52
Tatárszentgyörgy;19:22.20;47:04.88
Tázlár;19:30.87;46:32.94
Téglás;21:40.67;47:42.81
Tékes;18:10.55;46:17.24
Teklafalu;17:43.86;45:57.11
Telekes;16:46.15;46:56.62
Telekgerendás;20:57.13;46:39.46
Teleki;17:49.56;46:46.21
Telki;18:49.72;47:32.96
Telkibánya;21:21.51;48:29.14
Tengelic;18:42.73;46:31.70
Tengeri;18:05.39;45:55.58
Tengöd;18:05.80;46:42.45
Tenk;20:20.50;47:39.34
Tényö;17:38.74;47:32.52
Tépe;21:34.37;47:19.20
Terem;22:16.71;47:48.01
Terény;19:26.49;47:56.84
Tereske;19:11.96;47:57.06
Teresztenye;20:36.38;48:26.80
Terpes;20:09.12;47:58.30
Tés;18:01.95;47:15.53
Tésa;18:50.69;48:02.01
Tésenfa;18:07.20;45:48.78
Téseny;18:02.92;45:57.15
Teskánd;16:46.51;46:51.04
Tét;17:30.79;47:31.12
Tetétlen;21:18.45;47:18.87
Tevel;18:27.40;46:24.86
Tibolddaróc;20:38.12;47:55.34
Tiborszállás;22:24.60;47:48.97
Tihany;17:53.42;46:54.57
Tikos;17:17.41;46:38.17
Tilaj;17:02.78;46:48.55
Timár;21:27.81;48:09.39
Tinnye;18:46.69;47:37.25
Tiszaadony;22:17.59;48:13.65
Tiszaalpár;19:59.47;46:49.16
Tiszabábolna;20:47.71;47:41.55
Tiszabecs;22:49.38;48:06.08
Tiszabercel;21:38.50;48:09.39
Tiszabezdéd;22:09.16;48:21.70
Tiszabö;20:29.47;47:18.58
Tiszabura;20:27.65;47:26.86
Tiszacsécse;22:44.62;48:06.65
Tiszacsege;20:59.44;47:41.77
Tiszacsermely;21:47.58;48:14.17
Tiszadada;21:14.34;48:01.84
Tiszaderzs;20:38.76;47:30.61
Tiszadob;21:10.26;48:00.37
Tiszadorogma;20:52.08;47:41.03
Tiszaeszlár;21:27.52;48:02.04
Tiszaföldvár;20:14.94;46:57.89
Tiszafüred;20:45.35;47:37.05
Tiszagyenda;20:30.59;47:22.94
Tiszagyulaháza;21:08.68;47:56.42
Tiszaigar;20:47.93;47:32.17
Tiszainoka;20:09.22;46:54.07
Tiszajenö;20:08.56;47:01.46
Tiszakanyár;21:57.81;48:15.11
Tiszakarád;21:43.09;48:12.18
Tiszakécske;20:05.91;46:56.05
Tiszakerecseny;22:18.07;48:15.61
Tiszakeszi;20:59.56;47:47.30
Tiszakóród;22:51.22;47:57.79
Tiszakürt;20:07.52;46:52.98
Tiszaladány;21:24.62;48:03.69
Tiszalök;21:22.65;48:01.18
Tiszalúc;21:03.95;48:02.11
Tiszamogyorós;22:13.91;48:19.29
Tiszanagyfalu;21:21.96;47:57.37
Tiszanána;20:11.55;47:38.53
Tiszaörs;20:49.47;47:30.60
Tiszapalkonya;21:03.50;47:53.07
Tiszapüspöki;20:19.23;47:13.08
Tiszarád;21:47.87;48:07.36
Tiszaroff;20:26.49;47:23.76
Tiszasas;20:04.97;46:49.20
Tiszasüly;20:23.51;47:23.28
Tiszaszalka;22:18.91;48:10.71
Tiszaszentimre;20:43.54;47:29.29
Tiszaszentmárton;22:13.47;48:22.72
Tiszasziget;20:09.88;46:10.38
Tiszatardos;21:22.83;48:02.46
Tiszatarján;21:00.19;47:49.94
Tiszatelek;21:48.37;48:11.53
Tiszatenyö;20:22.86;47:08.32
Tiszaug;20:03.36;46:51.14
Tiszaújváros;21:03.09;47:55.81
Tiszavalk;20:43.95;47:41.38
Tiszavárkony;20:11.16;47:03.89
Tiszavasvári;21:21.96;47:57.37
Tiszavid;22:17.71;48:11.70
Tisztaberek;22:47.63;47:57.52
Tivadar;22:30.61;48:03.91
Tóalmás;19:39.96;47:30.55
Tófalu;20:14.34;47:46.46
Tófej;16:48.14;46:40.32
Tófö;18:21.57;46:18.60
Tokaj;21:24.75;48:06.75
Tokod;18:39.34;47:43.05
Tokodaltáró;18:40.51;47:44.16
Tokorcs;17:06.03;47:16.19
Tolcsva;21:27.02;48:17.05
Told;21:38.55;47:07.11
Tolmács;19:06.65;47:55.77
Tolna;18:46.95;46:25.60
Tolnanémedi;18:28.50;46:43.04
Tomajmonostora;20:42.32;47:26.00
Tomor;20:53.03;48:19.62
Tompa;19:32.08;46:12.28
Tompaládony;16:52.94;47:22.83
Tordas;18:45.04;47:20.71
Tormafölde;16:35.63;46:32.27
Tormás;17:59.45;46:13.84
Tormásliget;16:46.18;47:25.93
Tornabarakony;20:49.66;48:26.38
Tornakápolna;20:37.09;48:27.73
Tornanádaska;20:47.21;48:33.74
Tornaszentandrás;20:46.77;48:31.29
Tornaszentjakab;20:52.27;48:31.39
Tornyiszentmiklós;16:33.42;46:31.11
Tornyosnémeti;21:15.34;48:31.29
Tornyospálca;22:10.95;48:16.29
Torony;16:32.36;47:14.21
Torvaj;18:02.69;46:46.06
Tószeg;20:08.71;47:06.05
Tótkomlós;20:44.31;46:24.71
Tótszentgyörgy;17:43.19;46:03.21
Tótszentmárton;16:48.31;46:25.25
Tótszerdahely;16:48.00;46:23.99
Tótújfalu;17:38.81;45:54.15
Tótvázsony;17:47.31;47:00.51
Tök;18:43.96;47:33.76
Tököl;18:58.12;47:19.14
Töltéstava;17:44.05;47:37.51
Tömörd;16:40.62;47:21.89
Tömörkény;20:02.75;46:37.03
Törökbálint;18:54.94;47:26.03
Törökkoppány;18:03.05;46:36.08
Törökszentmiklós;20:25.04;47:10.89
Törtel;19:56.05;47:07.14
Töttös;18:32.57;45:54.75
Trizs;20:29.69;48:25.57
Tunyogmatolcs;22:27.08;47:58.11
Tura;19:36.12;47:36.39
Túristvándi;22:38.66;48:03.19
Túrkeve;20:47.53;47:04.32
Túrony;18:13.91;45:54.29
Túrricse;22:46.04;47:58.51
Tuzsér;22:07.26;48:20.58
Türje;17:06.37;46:59.02
Tüskevár;17:18.83;47:07.10
Tyukod;22:06.85;47:53.31
Udvar;18:39.70;45:54.00
Udvari;18:30.79;46:35.64
Ugod;17:36.13;47:19.10
Újbarok;18:33.62;47:28.77
Újcsanálos;21:00.34;48:08.29
Újdombrád;21:52.23;48:11.66
Újfehértó;21:41.00;47:47.94
Újhartyán;19:23.59;47:13.22
Újiráz;21:21.46;46:59.16
Újireg;18:10.65;46:39.51
Újkenéz;22:13.49;48:14.88
Újkér;16:49.21;47:27.58
Újkígyós;21:01.62;46:35.61
Újlengyel;19:27.21;47:13.73
Újléta;21:52.45;47:27.75
Újlörincfalva;20:36.05;47:37.68
Újpetre;18:21.98;45:56.04
Újrónafö;17:12.18;47:48.61
Újsolt;19:07.16;46:52.38
Újszalonta;21:29.51;46:48.69
Újszász;20:04.68;47:17.73
Újszentiván;20:11.24;46:11.13
Újszentmargita;21:06.28;47:43.45
Újszilvás;19:54.86;47:16.17
Újtelek;19:03.41;46:35.67
Újtikos;21:10.61;47:54.96
Újudvar;16:59.42;46:32.43
Újvárfalva;17:34.46;46:26.02
Ukk;17:12.78;47:02.66
Und;16:41.75;47:29.35
Úny;18:44.24;47:38.47
Uppony;20:25.95;48:13.01
Ura;22:36.04;47:49.15
Uraiújfalu;16:59.05;47:22.27
Úrhida;18:19.85;47:07.87
Úri;19:31.55;47:24.92
Úrkút;17:38.62;47:04.99
Uszka;22:51.57;48:04.46
Uszód;18:54.12;46:34.25
Uzsa;17:20.19;46:53.69
Üllés;19:50.83;46:20.12
Üllö;19:20.82;47:23.15
Üröm;19:00.95;47:35.88
Vác;19:08.09;47:47.03
Vácduka;19:12.94;47:44.72
Vácegres;19:22.02;47:40.56
Váchartyán;19:15.35;47:43.60
Váckisújfalu;19:20.93;47:42.34
Vácrátót;19:14.16;47:42.52
Vácszentlászló;19:32.32;47:34.45
Vadna;20:33.35;48:16.37
Vadosfa;17:07.74;47:29.93
Vág;17:12.72;47:26.86
Vágáshuta;21:32.37;48:25.41
Vaja;22:10.43;47:59.75
Vajdácska;21:39.38;48:19.19
Vajszló;17:59.32;45:51.59
Vajta;18:40.06;46:43.01
Vál;18:40.54;47:21.81
Valkó;19:30.64;47:33.80
Valkonya;16:48.61;46:30.06
Vállaj;22:22.70;47:45.67
Vállus;17:18.18;46:50.67
Vámosatya;22:24.57;48:11.93
Vámoscsalád;16:58.08;47:23.47
Vámosgyörk;19:55.76;47:41.06
Vámosmikola;18:47.53;47:58.76
Vámosoroszi;22:40.97;47:59.60
Vámospércs;21:54.12;47:31.54
Vámosújfalu;21:27.24;48:15.40
Vámosszabadi;17:38.87;47:45.36
Váncsod;21:38.49;47:12.20
Vanyarc;19:27.19;47:49.46
Vanyola;17:35.77;47:22.98
Várad;17:44.90;45:58.46
Váralja;18:25.93;46:16.14
Varászló;17:12.95;46:26.09
Váraszó;20:06.75;48:03.51
Várbalog;17:04.43;47:50.17
Varbó;20:37.39;48:09.84
Varbóc;20:38.75;48:27.86
Várda;17:44.37;46:27.59
Várdomb;18:41.27;46:14.95
Várfölde;16:45.85;46:33.41
Varga;18:08.68;46:14.86
Várgesztes;18:23.91;47:28.52
Várkeszö;17:18.96;47:25.79
Várong;18:02.82;46:31.70
Városföld;19:45.57;46:49.02
Városlöd;17:39.05;47:08.67
Várpalota;18:08.46;47:12.21
Varsád;18:31.34;46:31.40
Varsány;19:29.51;48:02.43
Várvölgy;17:17.88;46:52.14
Vasad;19:24.16;47:19.45
Vasalja;16:30.87;47:00.77
Vásárosbéc;17:43.67;46:10.95
Vásárosdombó;18:08.20;46:18.38
Vásárosfalu;17:07.12;47:27.26
Vásárosmiske;17:03.79;47:12.53
Vásárosnamény;22:18.82;48:07.72
Vasasszonyfa;16:40.30;47:18.64
Vasboldogasszony;16:52.25;46:56.65
Vasegerszeg;16:55.38;47:22.45
Vashosszúfalu;17:03.75;47:06.90
Vaskeresztes;16:26.97;47:11.61
Vaskút;18:59.11;46:06.53
Vasmegyer;21:48.95;48:06.74
Vaspör;16:39.01;46:55.03
Vassurány;16:42.37;47:17.05
Vasvár;16:48.35;47:03.18
Vaszar;17:30.71;47:24.30
Vászoly;17:45.56;46:56.49
Vasszécseny;16:46.13;47:10.91
Vasszentmihály;16:24.56;46:58.14
Vasszilvágy;16:45.23;47:18.14
Vát;16:46.66;47:16.81
Vatta;20:44.54;47:55.30
Vázsnok;18:07.58;46:15.93
Vécs;20:10.14;47:48.47
Vecsés;19:15.77;47:24.41
Végegyháza;20:52.31;46:23.35
Vejti;17:58.17;45:48.59
Vékény;18:20.62;46:16.15
Vekerd;21:24.19;47:05.83
Velem;16:29.48;47:20.75
Velemér;16:22.06;46:44.19
Velence;18:39.28;47:14.32
Velény;18:03.26;45:58.90
Véménd;18:37.18;46:09.41
Vének;17:45.50;47:44.34
Vép;16:43.49;47:13.92
Vereb;18:37.21;47:19.18
Veresegyház;19:17.02;47:39.11
Veröce;19:02.26;47:49.50
Verpelét;20:13.71;47:50.75
Verseg;19:32.93;47:43.39
Versend;18:30.88;45:59.78
Vértesacsa;18:34.78;47:22.45
Vértesboglár;18:31.49;47:25.78
Vérteskethely;18:05.01;47:29.19
Vértessomló;18:22.06;47:30.66
Vértestolna;18:27.45;47:37.58
Vértesszölös;18:22.98;47:37.06
Vése;17:17.55;46:24.75
Veszkény;17:05.13;47:36.01
Veszprém;17:54.66;47:05.49
Veszprémfajsz;17:53.74;47:02.16
Veszprémgalsa;17:16.27;47:05.82
Veszprémvarsány;17:49.77;47:25.61
Vésztö;21:15.96;46:55.76
Vezseny;20:13.16;47:01.90
Vid;17:20.23;47:12.88
Vigántpetend;17:37.79;46:57.95
Villány;18:27.36;45:52.13
Villánykövesd;18:25.68;45:52.95
Vilmány;21:13.96;48:24.97
Vilonya;18:03.72;47:06.60
Vilyvitány;21:33.50;48:29.78
Vinár;17:17.01;47:18.56
Vindornyafok;17:10.74;46:51.46
Vindornyalak;17:11.69;46:53.23
Vindornyaszölös;17:09.28;46:53.91
Visegrád;18:58.22;47:47.11
Visnye;17:40.72;46:11.46
Visonta;20:01.69;47:46.73
Viss;21:30.37;48:13.13
Visz;17:47.04;46:43.61
Viszák;16:29.87;46:53.07
Viszló;20:53.14;48:29.80
Visznek;20:01.87;47:38.58
Vitnyéd;16:58.96;47:35.24
Vízvár;17:14.10;46:05.31
Vizslás;19:49.44;48:03.04
Vizsoly;21:12.97;48:23.12
Vokány;18:20.36;45:54.62
Vonyarcvashegy;17:18.85;46:45.56
Vöckönd;16:57.31;46:53.32
Völcsej;16:45.82;47:29.87
Vönöck;17:09.50;47:18.79
Vöröstó;17:43.40;46:58.32
Vörs;17:16.13;46:39.79
Zabar;20:03.21;48:08.38
Zádor;17:39.61;45:57.71
Zádorfalva;20:29.33;48:23.23
Zagyvarékas;20:07.95;47:16.22
Zagyvaszántó;19:40.22;47:46.54
Záhony;22:11.38;48:24.59
Zajk;16:43.33;46:29.00
Zajta;22:48.04;47:54.32
Zákány;16:56.86;46:15.67
Zákányszék;19:53.44;46:16.49
Zala;18:00.14;46:44.43
Zalaapáti;17:06.51;46:44.23
Zalabaksa;16:32.91;46:42.08
Zalabér;17:01.82;46:58.33
Zalaboldogfa;16:46.29;46:53.99
Zalacsány;17:06.39;46:48.46
Zalacséb;16:39.56;46:51.65
Zalaegerszeg;16:50.31;46:50.10
Zalaerdöd;17:08.30;47:03.44
Zalagyömörö;17:13.60;47:01.09
Zalahaláp;17:27.54;46:54.89
Zalaháshágy;16:37.74;46:53.32
Zalaigrice;17:00.61;46:44.87
Zalaistvánd;16:58.90;46:55.10
Zalakaros;17:07.33;46:33.60
Zalakomár;17:10.76;46:32.09
Zalaköveskút;17:08.63;46:50.88
Zalalövö;16:35.78;46:50.89
Zalameggyes;17:13.27;47:04.87
Zalamerenye;17:05.84;46:34.51
Zalasárszeg;17:04.93;46:29.68
Zalaszabar;17:06.65;46:38.47
Zalaszántó;17:13.51;46:53.18
Zalaszegvár;17:13.50;47:05.88
Zalaszentbalázs;16:55.14;46:35.46
Zalaszentgrót;17:04.73;46:56.74
Zalaszentgyörgy;16:42.26;46:52.38
Zalaszentiván;16:53.97;46:53.53
Zalaszentjakab;17:07.79;46:29.20
Zalaszentlászló;17:06.84;46:52.59
Zalaszentlörinc;16:53.19;46:55.02
Zalaszentmárton;17:04.00;46:42.23
Zalaszentmihály;16:57.10;46:43.63
Zalaszombatfa;16:26.74;46:38.33
Zaláta;17:53.48;45:48.61
Zalatárnok;16:45.52;46:42.11
Zalaújlak;17:04.79;46:33.65
Zalavár;17:09.74;46:40.14
Zalavég;17:01.67;47:00.46
Zalkod;21:27.93;48:11.20
Zamárdi;17:56.87;46:52.74
Zámoly;18:24.64;47:19.00
Zánka;17:41.31;46:52.45
Zaránk;20:06.41;47:38.57
Závod;18:25.03;46:23.71
Zebecke;16:41.17;46:38.60
Zebegény;18:54.75;47:47.98
Zemplénagárd;22:04.82;48:21.49
Zengövárkony;18:25.96;46:10.38
Zichyújfalu;18:40.32;47:07.79
Zics;17:58.86;46:40.63
Ziliz;20:47.54;48:15.00
Zimány;17:54.84;46:25.48
Zirc;17:52.59;47:15.75
Zók;18:06.00;46:00.57
Zomba;18:34.16;46:24.59
Zubogy;20:34.69;48:22.81
Zsadány;21:29.27;46:55.35
Zsáka;21:25.96;47:08.15
Zsámbék;18:43.25;47:32.83
Zsámbok;19:36.75;47:32.56
Zsana;19:39.66;46:22.96
Zsarolyán;22:35.41;47:56.99
Zsebeháza;17:11.49;47:30.68
Zsédeny;16:54.33;47:20.56
Zselickisfalud;17:44.16;46:16.42
Zselickislak;17:48.00;46:18.75
Zselicszentpál;17:49.38;46:18.38
Zsennye;16:48.94;47:06.83
Zsira;16:40.94;47:27.34
Zsombó;19:58.45;46:19.67
Zsujta;21:16.80;48:30.04
Zsurk;22:13.40;48:23.93
